# period,game-ver,lobby-mode,lobby,mode,stage,time,win,knockout,A1-weapon,A1-kill-assist,A1-kill,A1-assist,A1-death,A1-special,A1-inked,A1-rank,A1-level,A2-weapon,A2-kill-assist,A2-kill,A2-assist,A2-death,A2-special,A2-inked,A2-rank,A2-level,A3-weapon,A3-kill-assist,A3-kill,A3-assist,A3-death,A3-special,A3-inked,A3-rank,A3-level,A4-weapon,A4-kill-assist,A4-kill,A4-assist,A4-death,A4-special,A4-inked,A4-rank,A4-level,B1-weapon,B1-kill-assist,B1-kill,B1-assist,B1-death,B1-special,B1-inked,B1-rank,B1-level,B2-weapon,B2-kill-assist,B2-kill,B2-assist,B2-death,B2-special,B2-inked,B2-rank,B2-level,B3-weapon,B3-kill-assist,B3-kill,B3-assist,B3-death,B3-special,B3-inked,B3-rank,B3-level,B4-weapon,B4-kill-assist,B4-kill,B4-assist,B4-death,B4-special,B4-inked,B4-rank,B4-level
2017-09-15T12:00:00+00:00,1.3.0,gachi,standard,yagura,ama,249,bravo,TRUE,sshooter,7,4,3,10,1,864,a+,50,clashblaster,6,6,0,10,1,503,a+,43,rapid,8,6,2,9,0,715,a+,33,sputtery,6,6,0,12,1,901,a-,34,sputtery,13,10,3,5,1,972,a-,50,nova,13,9,4,6,3,548,a+,38,nova,17,14,3,5,3,690,a+,43,nzap85,16,8,8,6,4,987,a,30
2017-09-15T12:00:00+00:00,1.3.0,gachi,standard,yagura,ama,333,bravo,FALSE,sshooter,13,11,2,12,4,1251,a+,50,momiji,8,6,2,13,3,1194,a-,34,splatscope,11,9,2,8,1,1081,a-,44,promodeler_rg,8,4,4,9,5,1176,a-,49,rapid,23,17,6,7,4,1293,a,48,sshooter,15,8,7,5,4,874,a,50,sshooter,9,7,2,5,4,1042,a,48,bold,11,10,1,13,4,1275,a,36
2017-09-15T12:00:00+00:00,1.3.0,gachi,standard,yagura,ama,300,bravo,FALSE,sshooter,13,11,2,9,2,864,a,50,sshooter_collabo,5,3,2,4,0,0,a-,36,herocharger_replica,8,7,1,4,2,910,a-,24,clashblaster,18,15,3,7,4,1001,a,34,sshooter_collabo,6,4,2,11,1,592,a-,48,bucketslosher,12,11,1,6,5,1177,a-,24,nova,10,6,4,7,3,870,a+,25,nzap85,9,3,6,12,3,733,a,40
2017-09-15T12:00:00+00:00,1.3.0,gachi,standard,yagura,battera,306,alpha,FALSE,sshooter,8,6,2,8,3,1126,a,50,splatscope,6,6,0,7,2,943,a,39,nova,12,11,1,8,3,897,a-,32,hokusai,15,13,2,4,0,951,a+,49,dualsweeper,11,11,0,9,5,1352,a,47,splatscope_collabo,3,2,1,7,3,792,a-,32,carbon,8,7,1,9,2,1053,a-,28,hokusai,7,7,0,11,1,765,a+,32
2017-09-15T12:00:00+00:00,1.3.0,gachi,standard,yagura,ama,300,bravo,FALSE,sshooter,9,8,1,10,2,897,a,50,wakaba,9,5,4,8,5,1327,a-,39,sshooter,9,7,2,9,2,823,a,33,sshooter,10,8,2,8,3,959,a+,43,heroshooter_replica,16,13,3,4,5,1232,a+,35,nova,10,10,0,7,3,808,a+,38,nzap85,13,6,7,6,6,1302,a+,35,screwslosher,11,6,5,11,0,765,a,38
2017-09-15T12:00:00+00:00,1.3.0,gachi,standard,yagura,battera,273,alpha,TRUE,sshooter,5,4,1,9,3,899,a,50,bucketslosher,10,8,2,10,3,831,a-,33,wakaba,14,8,6,7,4,1006,a-,39,prime_collabo,16,13,3,7,3,941,a+,41,splatscope_collabo,6,5,1,7,2,927,a,32,hokusai,9,8,1,6,1,714,a-,50,screwslosher,12,9,3,11,1,885,a-,42,nova,15,11,4,9,1,718,a-,50
2017-09-15T12:00:00+00:00,1.3.0,gachi,standard,yagura,battera,246,bravo,TRUE,sshooter,3,3,0,9,2,821,a,50,herobrush_replica,7,4,3,7,2,716,a,35,maneuver,7,7,0,9,4,965,a,29,parashelter,7,4,3,8,3,975,a,49,wakaba,10,5,5,4,5,1192,a-,39,jetsweeper,6,1,5,2,4,761,a-,39,sshooter,22,20,2,6,5,1296,a,50,heroroller_replica,8,7,1,6,1,625,a,45
2017-09-15T12:00:00+00:00,1.3.0,gachi,standard,yagura,battera,305,alpha,FALSE,sshooter,6,5,1,7,2,939,a,50,maneuver,15,14,1,5,3,867,a,29,prime_collabo,8,5,3,3,3,757,a+,34,herocharger_replica,7,7,0,4,3,1088,a+,45,prime_collabo,8,6,2,9,1,1145,a,38,squiclean_a,7,6,1,6,2,753,a,50,maneuver,7,5,2,5,6,1304,a-,33,variableroller,4,2,2,11,0,488,a,29
2017-09-15T12:00:00+00:00,1.3.0,gachi,standard,yagura,ama,306,alpha,FALSE,sshooter,8,5,3,8,2,902,a,50,nzap85,15,12,3,6,5,1213,a,43,hotblaster,10,5,5,7,0,587,a,35,nzap85,14,10,4,3,6,1141,a+,41,carbon,4,3,1,8,4,962,a-,43,sshooter,8,8,0,10,1,781,a,39,nzap85,11,6,5,8,3,1091,a-,29,hotblaster_custom,7,7,0,6,3,658,a,35
2017-09-15T12:00:00+00:00,1.3.0,gachi,standard,yagura,ama,300,alpha,FALSE,sshooter,9,6,3,8,3,938,a,50,hotblaster,8,6,2,7,2,780,a,26,momiji,6,5,1,7,4,1485,a+,38,splatscope,1,1,0,3,3,1094,a,41,promodeler_rg,11,7,4,3,11,1988,a,50,sshooter_collabo,7,7,0,6,2,655,a-,50,splatcharger,8,7,1,1,5,1021,a,43,carbon,5,4,1,8,3,818,a+,50
2017-09-17T18:00:00+00:00,1.3.0,gachi,squad_2,area,battera,80,alpha,TRUE,sshooter_collabo,4,3,1,2,0,342,a,50,promodeler_rg,2,1,1,0,2,626,b+,35,screwslosher,6,5,1,0,2,362,s+,50,promodeler_rg,0,0,0,2,1,497,s+,48,herocharger_replica,1,1,0,2,0,345,s+,50,promodeler_rg,1,1,0,1,3,745,s,50,parashelter,1,1,0,2,2,594,b+,40,squiclean_a,2,1,1,4,1,192,s+,43
2017-09-17T18:00:00+00:00,1.3.0,gachi,squad_2,area,battera,73,bravo,TRUE,sshooter_collabo,1,1,0,3,0,304,a,50,52gal,0,0,0,2,2,349,s+,50,promodeler_rg,0,0,0,0,0,0,b+,35,sshooter,0,0,0,2,0,377,s+,50,l3reelgun,5,5,0,0,1,477,s+,50,bucketslosher,1,0,1,1,1,340,s+,50,jetsweeper,2,0,2,0,1,261,a,36,dynamo,2,2,0,0,0,232,s+,32
2017-09-17T18:00:00+00:00,1.3.0,gachi,squad_2,area,ama,302,alpha,FALSE,sshooter_collabo,6,5,1,8,0,980,a,50,jetsweeper,9,5,4,3,8,1374,a,37,dynamo,11,11,0,6,1,1129,s+,32,promodeler_rg,8,4,4,6,6,1801,b+,35,bucketslosher,4,3,1,6,4,1055,b-,21,dualsweeper,13,8,5,6,5,1285,a+,36,sshooter,11,9,2,6,5,1454,s+,30,barrelspinner,7,3,4,7,3,999,a-,18
2017-09-17T18:00:00+00:00,1.3.0,gachi,squad_2,area,battera,237,alpha,TRUE,sshooter_collabo,7,7,0,4,2,859,a,50,liter4k,6,5,1,4,3,972,s+,50,nova,10,9,1,5,4,864,s+,50,promodeler_rg,7,4,3,4,6,1358,b+,35,hissen,8,6,2,7,3,736,s+,43,hissen,4,2,2,8,1,614,s+,50,momiji,3,3,0,5,5,1213,s,50,barrelspinner_deco,6,6,0,5,5,1190,s+,47
2017-09-17T18:00:00+00:00,1.3.0,gachi,squad_2,area,battera,312,alpha,FALSE,sshooter_collabo,9,7,2,5,2,1161,a,50,splatroller,14,12,2,6,5,1167,b+,29,sshooter_collabo,9,8,1,9,0,1187,a,25,promodeler_rg,11,9,2,6,8,1922,b+,35,dualsweeper,10,7,3,6,6,1553,a-,42,clashblaster,13,7,6,10,3,753,a+,31,wakaba,8,5,3,10,4,1118,b-,32,promodeler_rg,8,7,1,10,6,1638,a-,35
2017-09-17T18:00:00+00:00,1.3.0,gachi,squad_2,area,battera,162,bravo,TRUE,sshooter_collabo,3,2,1,6,0,548,a,50,sshooter,1,1,0,4,2,689,s+,50,l3reelgun,2,2,0,4,3,808,a,19,promodeler_rg,1,1,0,2,3,0,b+,35,maneuver,6,3,3,1,3,728,a,36,splatcharger,10,9,1,1,2,506,b-,13,promodeler_rg,4,3,1,2,6,1058,s+,39,maneuver_collabo,4,1,3,2,0,703,s+,50
2017-09-17T18:00:00+00:00,1.3.0,gachi,squad_2,area,ama,165,bravo,TRUE,sshooter_collabo,2,2,0,8,0,432,a,50,promodeler_rg,2,2,0,6,2,830,b+,35,52gal,3,2,1,6,1,505,s+,50,promodeler_rg,3,2,1,4,4,769,s+,50,nzap85,10,2,8,2,2,678,a+,50,sshooter_collabo,6,6,0,4,3,774,s+,50,52gal,10,4,6,1,2,363,s+,50,splatroller,13,12,1,1,3,775,s+,50
2017-09-17T18:00:00+00:00,1.3.0,gachi,squad_2,area,battera,198,bravo,TRUE,sshooter_collabo,3,3,0,6,1,786,a,50,promodeler_rg,3,2,1,5,5,1245,b+,35,splatroller,5,4,1,7,2,676,s+,49,bucketslosher,3,2,1,6,3,764,s+,50,maneuver,9,6,3,3,4,961,b-,13,bucketslosher,5,3,2,1,3,775,a+,36,promodeler_rg,8,7,1,4,5,1178,s+,50,hokusai,10,8,2,3,2,791,s+,50
2017-09-17T18:00:00+00:00,1.3.0,gachi,squad_2,area,battera,300,alpha,FALSE,sshooter_collabo,13,11,2,6,0,1157,a,50,promodeler_rg,7,5,2,5,6,1546,b+,35,hokusai,10,8,2,6,0,1018,s+,49,52gal,5,3,2,8,6,1201,s+,50,hissen,12,5,7,8,5,1172,s+,50,screwslosher,9,4,5,5,6,1303,s+,50,dualsweeper,15,9,6,6,6,1200,s+,50,sshooter_collabo,10,7,3,8,3,1108,s+,50
2017-09-18T00:00:00+00:00,1.3.0,gachi,standard,hoko,tachiuo,310,alpha,FALSE,parashelter,5,3,2,7,5,1343,s+,43,maneuver,15,12,3,8,3,1071,s+,28,96gal,7,7,0,7,2,988,s+,44,barrelspinner_deco,8,6,2,10,0,330,s+,45,barrelspinner_deco,3,2,1,9,2,553,s+,40,dualsweeper,4,3,1,9,3,840,s+,38,pablo,18,17,1,4,4,1201,s+,50,maneuver,11,8,3,8,2,964,s+,50
2017-09-18T00:00:00+00:00,1.3.0,gachi,standard,hoko,ama,300,bravo,FALSE,parashelter,7,4,3,7,7,1636,s+,43,screwslosher,12,10,2,4,6,0,s+,28,rapid,7,4,3,6,3,921,s+,50,promodeler_rg,5,4,1,10,6,1393,s+,39,sshooter,7,5,2,8,1,935,s+,45,promodeler_rg,13,11,2,4,6,1994,s+,50,barrelspinner_deco,9,4,5,4,4,930,s+,50,jetsweeper,9,7,2,6,4,1205,s+,50
2017-09-18T00:00:00+00:00,1.3.0,gachi,standard,hoko,tachiuo,303,bravo,FALSE,parashelter,6,5,1,7,6,1401,s+,43,sshooter,6,4,2,5,3,666,s+,34,splatscope,8,7,1,6,3,810,s+,50,herobrush_replica,10,8,2,5,4,644,s+,50,screwslosher,9,6,3,6,2,904,s+,28,52gal,9,7,2,10,3,877,s+,50,liter4k_scope,4,2,2,6,3,703,s+,43,sshooter,9,6,3,7,1,666,s+,39
2017-09-18T04:00:00+00:00,1.3.0,gachi,squad_4,yagura,tachiuo,300,alpha,FALSE,parashelter,13,12,1,6,6,1515,s+,43,barrelspinner_deco,14,10,4,3,4,761,s+,36,hokusai,9,8,1,4,3,556,a-,44,hotblaster,6,2,4,6,1,362,s+,48,h3reelgun,5,3,2,8,3,741,s+,49,sputtery,9,7,2,10,3,950,b,43,splatscope,2,2,0,6,3,829,a,42,carbon,6,5,1,10,1,414,s+,50
2017-09-18T04:00:00+00:00,1.3.0,gachi,squad_4,yagura,tachiuo,302,alpha,FALSE,parashelter,7,3,4,7,5,1212,s+,43,hokusai,6,4,2,3,3,574,a-,44,barrelspinner_deco,16,13,3,4,1,946,s+,36,jetsweeper,7,5,2,5,3,609,s+,48,nzap85,6,3,3,6,3,716,s,41,screwslosher,6,5,1,6,0,918,s+,50,barrelspinner_deco,3,2,1,5,4,791,s+,35,sshooter_collabo,9,9,0,8,0,755,s+,47
2017-09-18T04:00:00+00:00,1.3.0,gachi,squad_4,yagura,fujitsubo,272,bravo,TRUE,parashelter,6,3,3,9,4,1259,s+,44,barrelspinner_deco,7,6,1,8,2,919,s+,36,hotblaster,6,5,1,9,1,497,s+,48,hokusai,9,7,2,9,1,777,a-,44,splatroller_collabo,10,9,1,3,5,1001,s+,45,heroshooter_replica,13,11,2,7,4,1139,s+,38,sshooter_collabo,5,5,0,6,3,773,s+,50,sshooter,16,10,6,5,3,903,s+,50
2017-09-18T04:00:00+00:00,1.3.0,gachi,squad_4,yagura,tachiuo,325,alpha,FALSE,parashelter,14,10,4,6,6,1662,s+,44,barrelspinner_deco,9,4,5,5,4,1134,s+,36,hotblaster,5,3,2,7,2,484,s+,48,hokusai,9,9,0,6,3,820,a-,44,sshooter,8,7,1,6,3,872,s,44,rapid,8,6,2,8,2,870,a+,47,liter4k_scope,8,7,1,3,7,1374,s+,37,maneuver,4,2,2,9,3,932,c+,31
2017-09-18T04:00:00+00:00,1.3.0,gachi,squad_4,yagura,fujitsubo,302,alpha,FALSE,parashelter,12,7,5,5,5,1244,s+,44,barrelspinner_deco,16,13,3,4,4,1058,s+,36,hotblaster,5,3,2,6,2,512,s+,48,hokusai,12,12,0,8,2,769,a-,44,rapid,5,5,0,5,3,1062,s+,43,dualsweeper,6,5,1,12,2,727,a,43,soytuber,5,5,0,6,3,909,s+,33,nova,9,8,1,12,3,701,s+,36
2017-09-18T04:00:00+00:00,1.3.0,gachi,squad_4,yagura,fujitsubo,168,bravo,TRUE,parashelter,6,3,3,3,3,884,s+,44,hotblaster,4,3,1,4,1,351,s+,48,barrelspinner_deco,3,2,1,5,1,522,s+,36,hokusai,7,3,4,2,1,582,a-,44,bold,1,1,0,3,4,846,s+,50,splatroller,5,5,0,4,2,579,a-,50,parashelter,4,4,0,3,4,704,s+,49,prime_collabo,6,4,2,1,4,660,s+,50
2017-09-18T04:00:00+00:00,1.3.0,gachi,squad_4,yagura,fujitsubo,296,bravo,TRUE,parashelter,10,7,3,8,5,1530,s+,44,barrelspinner,12,9,3,9,2,1066,s+,36,hokusai,15,11,4,8,2,791,a-,44,hotblaster,2,1,1,8,1,408,s+,48,sshooter,9,8,1,6,2,1047,s+,50,52gal,11,7,4,7,5,918,s+,39,screwslosher,10,7,3,5,3,965,s+,50,splatroller,13,11,2,10,3,921,s+,50
2017-09-18T04:00:00+00:00,1.3.0,gachi,squad_4,yagura,fujitsubo,314,alpha,FALSE,parashelter,7,7,0,7,5,1272,s+,44,bucketslosher,9,7,2,5,6,1110,s+,36,hokusai,7,6,1,9,2,651,a-,44,jetsweeper,5,3,2,4,3,718,s+,48,sshooter_collabo,7,6,1,9,1,1122,s+,50,squiclean_a,0,0,0,0,0,0,s+,50,splatroller,16,14,2,8,2,1166,s+,50,dynamo,5,5,0,6,2,1258,a,32
2017-09-18T04:00:00+00:00,1.3.0,gachi,squad_4,yagura,tachiuo,61,bravo,TRUE,parashelter,0,0,0,2,1,324,s+,44,splatroller_collabo,1,0,1,3,0,133,s+,36,hokusai,3,3,0,1,0,182,a-,44,jetsweeper,1,0,1,1,0,162,s+,48,screwslosher,3,2,1,1,0,269,s+,50,nzap85,1,1,0,0,1,128,s,41,barrelspinner_deco,0,0,0,1,1,178,s+,35,sshooter_collabo,3,3,0,1,0,292,s+,47
2017-09-18T04:00:00+00:00,1.3.0,gachi,squad_4,yagura,fujitsubo,300,bravo,FALSE,parashelter,10,6,4,5,7,1544,s+,44,screwslosher,8,5,3,5,2,897,s+,36,hokusai,9,6,3,5,3,758,a-,44,jetsweeper,5,4,1,2,6,1014,s+,48,52gal,9,7,2,8,3,1012,s+,43,liter4k,3,3,0,3,4,1261,s+,42,maneuver,6,5,1,3,6,1277,s+,47,hotblaster,3,2,1,7,2,589,s+,50
2017-09-18T04:00:00+00:00,1.3.0,gachi,squad_2,yagura,fujitsubo,155,bravo,TRUE,parashelter,2,0,2,5,2,875,s+,44,hokusai,1,0,1,5,1,412,a-,44,nova,4,4,0,7,0,346,s+,48,liter4k_scope,2,2,0,3,2,606,a,48,l3reelgun,10,10,0,3,3,627,s+,50,barrelspinner,8,4,4,0,3,566,s+,50,momiji,6,2,4,2,3,659,s,50,liter4k_scope,4,4,0,1,3,619,s+,50
2017-09-18T04:00:00+00:00,1.3.0,gachi,squad_2,yagura,tachiuo,260,alpha,TRUE,parashelter,15,5,10,1,6,1361,s+,44,hokusai,12,6,6,8,3,601,s+,50,hokusai,6,5,1,5,2,514,a-,44,sshooter_collabo,15,14,1,7,3,751,s+,41,splatroller_collabo,6,4,2,8,2,598,b-,15,splatroller,13,11,2,5,2,679,a,32,nzap85,7,5,2,5,4,759,s,33,wakaba,4,1,3,12,1,682,s,50
2017-09-18T04:00:00+00:00,1.3.0,gachi,squad_2,yagura,tachiuo,300,alpha,FALSE,parashelter,11,1,10,6,6,1211,s+,44,hokusai,10,9,1,6,3,714,a-,44,heroshooter_replica,11,10,1,10,1,921,s+,45,sshooter_collabo,15,13,2,8,1,748,s+,50,screwslosher,11,7,4,7,3,881,s+,37,screwslosher,10,7,3,8,4,866,s+,50,52gal,7,7,0,8,2,941,s+,50,nova,7,7,0,10,2,628,s+,50
2017-09-18T06:00:00+00:00,1.3.0,gachi,standard,yagura,ama,268,alpha,TRUE,sshooter_collabo,9,9,0,7,0,940,a+,50,maneuver,10,7,3,5,5,1292,a+,49,rapid,8,5,3,7,2,897,a-,20,sshooter,10,6,4,7,1,833,a+,44,rapid,11,8,3,6,1,687,a,21,jetsweeper,8,4,4,8,3,923,a,24,bucketslosher,7,7,0,7,4,1020,a-,21,sshooter_collabo,8,7,1,6,3,858,a+,50
2017-09-18T06:00:00+00:00,1.3.0,gachi,standard,yagura,ama,300,alpha,FALSE,sshooter_collabo,16,14,2,7,0,1060,a+,50,hissen,15,11,4,6,4,762,a+,50,barrelspinner_deco,6,3,3,5,4,969,a,36,bold,15,12,3,6,8,1475,a,50,bold,8,6,2,14,0,675,a,50,dualsweeper,11,9,2,6,7,1664,a,46,screwslosher,7,6,1,11,3,912,a+,42,parashelter,6,3,3,9,3,1026,a,41
2017-09-18T06:00:00+00:00,1.3.0,gachi,standard,yagura,ama,132,alpha,TRUE,sshooter_collabo,10,7,3,3,1,559,a+,50,sshooter,8,6,2,2,2,548,a,26,herobrush_replica,8,6,2,2,1,420,a,44,screwslosher,4,3,1,3,0,444,a+,50,splatspinner,5,5,0,5,2,575,a+,50,nzap85,1,1,0,5,2,490,a-,22,carbon,1,0,1,6,1,335,a-,33,squiclean_a,6,4,2,6,1,396,a-,37
2017-09-18T06:00:00+00:00,1.3.0,gachi,standard,yagura,mozuku,342,alpha,FALSE,sshooter_collabo,12,10,2,11,1,1009,a+,50,splatscope,10,9,1,5,4,1277,a-,23,splatcharger,18,12,6,4,7,1292,a-,50,sshooter,13,11,2,11,3,949,a,40,sputtery,12,12,0,11,2,1074,a+,42,l3reelgun,8,7,1,12,3,1034,a,35,splatscope,7,5,2,8,6,1265,a+,26,squiclean_a,13,7,6,11,4,937,a-,37
2017-09-18T06:00:00+00:00,1.3.0,gachi,standard,yagura,ama,300,alpha,FALSE,sshooter_collabo,7,5,2,7,2,1020,a+,50,splatcharger,12,10,2,3,6,1318,a-,50,h3reelgun,9,7,2,7,4,892,a+,29,splatroller_collabo,9,9,0,8,1,610,a,36,splatcharger,6,6,0,9,3,919,a,21,rapid,9,8,1,6,3,1342,a+,22,splatroller,11,7,4,7,1,611,a-,22,squiclean_a,8,4,4,9,4,885,a-,37
2017-09-18T06:00:00+00:00,1.3.0,gachi,standard,yagura,ama,329,alpha,FALSE,sshooter_collabo,12,9,3,7,2,1093,a+,50,rapid,10,7,3,7,5,1252,a+,32,screwslosher,10,6,4,9,2,1078,a+,39,bold,15,15,0,8,6,1397,a+,41,soytuber,8,4,4,9,2,955,a-,25,hokusai,10,8,2,11,3,996,a+,30,bold,9,7,2,11,4,1483,a+,36,sshooter,11,11,0,6,5,1344,a+,38
2017-09-18T06:00:00+00:00,1.3.0,gachi,standard,yagura,mozuku,311,bravo,FALSE,sshooter_collabo,10,4,6,8,1,1053,a+,50,nova,13,11,2,10,2,739,a+,39,splatscope_collabo,8,6,2,5,3,898,a+,38,dynamo,12,11,1,3,2,989,a+,31,barrelspinner_deco,10,9,1,6,3,1244,a+,50,52gal,4,3,1,12,0,406,a,38,screwslosher,10,9,1,8,2,1002,a+,43,sputtery,7,5,2,6,4,928,a+,50
2017-09-18T06:00:00+00:00,1.3.0,gachi,standard,yagura,ama,300,alpha,FALSE,sshooter_collabo,18,15,3,9,1,1039,a+,50,screwslosher,12,8,4,7,1,845,a+,42,dynamo,12,10,2,7,1,826,a+,31,liter4k,7,4,3,7,2,788,a+,50,splatroller_collabo,9,8,1,11,4,514,a,38,sshooter,9,7,2,9,2,954,a,28,splatscope,7,6,1,7,4,868,a+,32,sputtery,9,9,0,10,3,794,a+,50
2017-09-18T08:00:00+00:00,1.3.0,gachi,standard,area,tachiuo,295,bravo,TRUE,sshooter_collabo,9,8,1,4,1,1112,a,50,nova,4,3,1,7,2,555,a+,39,sputtery,8,8,0,9,4,1037,a,26,liter4k,6,4,2,5,3,722,a+,35,promodeler_rg,10,6,4,6,6,1449,a+,33,liter4k,3,3,0,5,4,839,a+,36,sshooter,14,12,2,8,2,847,a+,38,squiclean_a,7,4,3,6,3,721,a+,32
2017-09-18T08:00:00+00:00,1.3.0,gachi,standard,area,tachiuo,291,alpha,TRUE,sshooter_collabo,15,14,1,3,1,1217,a,50,bold,12,9,3,6,4,926,a+,31,carbon,7,4,3,2,5,1001,a,37,sshooter,7,6,1,5,3,1034,a-,19,parashelter,8,4,4,9,3,814,a+,38,prime_collabo,1,1,0,7,4,813,a-,39,sputtery,7,7,0,8,6,1514,a-,34,sshooter,4,3,1,11,1,868,a,35
2017-09-18T08:00:00+00:00,1.3.0,gachi,standard,area,tachiuo,300,alpha,FALSE,sshooter_collabo,10,9,1,6,1,1029,a,50,splatcharger_collabo,6,6,0,2,4,1110,a+,50,dynamo,10,5,5,2,4,980,a,28,sshooter_collabo,12,10,2,5,2,921,a-,44,hokusai,6,4,2,9,3,940,a+,37,l3reelgun,5,5,0,10,4,1101,a+,41,splatscope_collabo,2,2,0,4,4,1155,a-,25,screwslosher,4,4,0,7,2,793,a+,50
2017-09-18T08:00:00+00:00,1.3.0,gachi,squad_4,yagura,manta,244,alpha,TRUE,sshooter_collabo,16,11,5,8,0,739,s,50,promodeler_rg,6,3,3,6,4,1328,a-,35,bold,14,13,1,7,3,979,a+,45,liter4k,8,5,3,6,3,662,a+,34,heromaneuver_replica,6,5,1,8,1,607,b+,25,promodeler_rg,8,4,4,8,1,971,a+,28,heroroller_replica,9,8,1,9,1,688,b+,31,heroshooter_replica,12,9,3,7,3,907,b+,29
2017-09-18T08:00:00+00:00,1.3.0,gachi,squad_4,yagura,manta,300,alpha,FALSE,sshooter_collabo,5,4,1,8,1,737,s,50,promodeler_rg,9,7,2,9,4,1202,a-,35,liter4k,13,8,5,6,4,830,a+,34,bold,18,15,3,6,4,1180,a+,45,splatcharger,6,5,1,8,0,730,a,50,sshooter,9,9,0,9,3,1047,s+,42,52gal,13,10,3,9,3,1046,s+,40,barrelspinner_deco,5,5,0,9,2,717,a-,41
2017-09-18T08:00:00+00:00,1.3.0,gachi,squad_4,yagura,ama,309,bravo,FALSE,sshooter_collabo,11,10,1,11,0,991,s,50,promodeler_rg,7,6,1,8,8,1556,a-,35,bold,11,6,5,12,4,1021,a+,45,liter4k,11,9,2,6,5,1202,a+,34,sshooter_collabo,15,13,2,6,3,1197,b,50,52gal,20,12,8,7,3,1068,s+,50,sputtery,6,5,1,9,3,1161,s+,50,sshooter,7,7,0,9,2,986,s+,49
2017-09-18T08:00:00+00:00,1.3.0,gachi,squad_4,yagura,ama,133,bravo,TRUE,sshooter_collabo,6,3,3,7,0,461,s,50,liter4k,1,1,0,5,1,317,a+,34,bold,4,3,1,6,1,492,a+,45,promodeler_rg,4,3,1,6,3,723,a-,35,nova,16,15,1,2,2,724,a,19,prime_collabo,4,2,2,2,2,429,a-,26,sshooter,3,3,0,2,2,575,c-,14,sshooter,7,4,3,4,1,456,a+,36
2017-09-18T08:00:00+00:00,1.3.0,gachi,squad_4,yagura,ama,275,bravo,TRUE,sshooter_collabo,9,9,0,9,0,947,s,50,liter4k,7,5,2,8,4,859,a+,34,bold,4,3,1,9,3,929,a+,45,promodeler_rg,6,5,1,8,6,1323,a-,35,sshooter,11,6,5,6,5,943,a,48,96gal,9,4,5,4,5,1075,b+,50,rapid,13,9,4,6,3,1021,s+,50,splatroller,17,15,2,6,3,1253,s+,50
2017-09-18T08:00:00+00:00,1.3.0,gachi,squad_4,yagura,manta,300,alpha,FALSE,sshooter_collabo,15,13,2,5,0,977,s,50,promodeler_rg,11,8,3,4,8,1460,a+,45,bold,13,11,2,7,5,1364,a+,34,nova,5,3,2,6,3,712,a-,35,sshooter,5,5,0,9,5,1303,b+,29,96gal,14,10,4,7,4,1187,s+,50,prime,7,3,4,9,2,748,b-,30,screwslosher,9,4,5,10,3,942,a-,33
2017-09-18T08:00:00+00:00,1.3.0,gachi,squad_4,yagura,ama,300,alpha,FALSE,sshooter_collabo,8,8,0,8,0,1023,s,50,splatroller,6,4,2,7,2,711,a+,35,promodeler_rg,8,5,3,8,6,1484,a+,45,rapid,11,8,3,4,4,1231,a-,35,52gal,10,6,4,4,6,1160,s,47,sshooter,6,5,1,8,2,830,b-,11,sshooter_collabo,10,7,3,7,3,1075,s+,48,wakaba,14,9,5,6,6,1504,s+,48
2017-09-18T08:00:00+00:00,1.3.0,gachi,squad_4,yagura,ama,314,alpha,FALSE,sshooter_collabo,13,9,4,10,1,1029,s,50,promodeler_rg,5,3,2,8,5,1301,a+,45,bucketslosher,12,8,4,9,5,1121,a+,35,rapid,14,13,1,7,3,1112,a-,36,hokusai,13,11,2,6,5,1224,s,47,sshooter,9,5,4,11,2,935,b-,11,sshooter_collabo,15,12,3,10,1,1114,s+,48,wakaba,15,6,9,6,7,1416,s+,48
2017-09-18T08:00:00+00:00,1.3.0,gachi,squad_4,yagura,ama,146,alpha,TRUE,sshooter_collabo,7,5,2,2,1,520,s,50,96gal,8,5,3,2,3,482,a+,35,promodeler_rg,6,4,2,2,4,856,a+,45,rapid,8,5,3,1,2,574,a-,36,hotblaster,2,2,0,6,0,499,b+,30,52gal,2,2,0,4,1,377,s+,50,96gal,2,1,1,4,2,509,b-,30,screwslosher,3,2,1,5,1,619,a-,33
2017-09-18T08:00:00+00:00,1.3.0,gachi,squad_4,yagura,ama,305,alpha,FALSE,sshooter_collabo,13,10,3,9,0,943,s,50,promodeler_rg,7,6,1,8,5,1408,a+,45,hokusai,7,6,1,8,3,737,a+,35,rapid,11,7,4,8,1,735,a-,36,sshooter,12,8,4,10,2,957,s+,42,hotblaster,13,11,2,8,2,1033,s+,47,52gal,9,6,3,7,3,825,b-,42,splatcharger,10,8,2,4,5,1008,s,34
2017-09-18T08:00:00+00:00,1.3.0,gachi,squad_4,yagura,ama,300,bravo,FALSE,sshooter_collabo,5,5,0,6,3,1160,s,50,sharp,13,9,4,9,5,1043,a+,35,rapid,5,5,0,7,3,990,a-,36,promodeler_rg,2,2,0,12,3,1236,a+,45,sshooter_collabo,19,15,4,5,2,1072,b,50,promodeler_rg,7,3,4,3,10,1909,s+,50,sshooter,13,5,8,5,0,1101,s+,50,dynamo,10,10,0,8,2,804,s+,49
2017-09-18T10:00:00+00:00,1.3.0,regular,standard,nawabari,manta,180,alpha,FALSE,promodeler_rg,5,2,3,0,3,1552,,50,momiji,5,4,1,2,3,1164,,30,carbon,9,9,0,3,1,431,,41,barrelspinner,6,6,0,3,1,556,,33,barrelspinner_deco,5,4,1,5,1,789,,50,sputtery,1,1,0,5,3,1155,,40,parashelter,3,3,0,4,4,1216,,50,splatcharger_collabo,0,0,0,7,0,97,,50
2017-09-18T10:00:00+00:00,1.3.0,regular,standard,nawabari,manta,180,alpha,FALSE,promodeler_rg,6,6,0,1,1,1524,,50,parashelter,4,2,2,5,2,912,,50,prime,7,5,2,1,2,610,,24,squiclean_a,4,3,1,3,2,704,,46,momiji,2,1,1,4,4,1438,,30,sputtery,6,6,0,5,3,1196,,40,splatcharger_collabo,0,0,0,4,0,1,,50,barrelspinner,3,3,0,4,1,732,,33
2017-09-18T10:00:00+00:00,1.3.0,regular,standard,nawabari,manta,180,bravo,FALSE,promodeler_rg,1,1,0,5,4,1291,,50,splatcharger_collabo,3,3,0,5,0,345,,50,prime,1,1,0,4,1,597,,24,splatroller,2,1,1,2,0,0,,43,barrelspinner,3,2,1,1,0,605,,33,squiclean_a,3,1,2,1,1,498,,46,promodeler_rg,7,7,0,2,3,1107,,36,variableroller,5,5,0,2,2,704,,41
2017-09-18T10:00:00+00:00,1.3.0,regular,standard,nawabari,tachiuo,180,bravo,FALSE,promodeler_rg,2,2,0,2,3,832,,50,squiclean_a,3,3,0,4,2,633,,46,barrelspinner_deco,3,2,1,2,2,572,,50,liter4k,4,3,1,2,1,484,,27,variableroller,1,1,0,2,2,800,,41,splatroller,5,5,0,1,2,783,,47,52gal,2,2,0,3,3,694,,35,52gal,3,2,1,5,0,248,,36
2017-09-18T10:00:00+00:00,1.3.0,regular,standard,nawabari,tachiuo,180,alpha,FALSE,promodeler_rg,5,5,0,3,1,846,,50,barrelspinner_deco,4,4,0,2,2,742,,50,52gal,4,3,1,6,0,354,,50,barrelspinner,6,3,3,3,1,569,,40,squiclean_a,6,5,1,2,2,807,,46,promodeler_mg,4,3,1,4,1,643,,24,squiclean_a,1,1,0,5,0,374,,37,wakaba,6,5,1,5,2,697,,50
2017-09-18T10:00:00+00:00,1.3.0,regular,standard,nawabari,manta,180,alpha,FALSE,promodeler_rg,4,3,1,5,2,935,,50,dynamo,5,5,0,7,1,451,,50,l3reelgun,7,5,2,3,2,772,,50,splatscope,3,3,0,3,0,730,,47,squiclean_a,11,7,4,5,1,803,,46,jetsweeper,6,5,1,3,2,717,,41,splatroller_collabo,0,0,0,3,1,543,,37,sputtery,6,6,0,6,1,569,,38
2017-09-18T12:00:00+00:00,1.3.0,gachi,standard,yagura,manta,309,alpha,FALSE,sshooter,3,3,0,9,1,773,a,50,nzap85,7,6,1,6,4,1210,a,50,sshooter_collabo,7,5,2,4,3,1138,a-,40,jetsweeper,12,8,4,0,6,1080,a+,36,splatscope_collabo,2,2,0,7,2,810,a,45,sshooter,7,6,1,5,4,1293,a-,42,h3reelgun,5,4,1,5,6,1112,a,35,nzap85,12,7,5,6,4,1078,a+,50
2017-09-18T12:00:00+00:00,1.3.0,gachi,standard,yagura,fujitsubo,284,bravo,TRUE,sshooter,7,3,4,9,2,747,a,50,hissen,10,8,2,6,4,804,a+,39,sshooter,12,10,2,7,0,871,a+,44,dualsweeper,12,9,3,10,2,738,a+,26,splatcharger_collabo,6,5,1,8,4,898,a-,45,momiji,11,6,5,7,4,903,a-,47,sshooter,11,10,1,10,2,725,a+,50,52gal,12,11,1,5,5,969,a+,50
2017-09-18T12:00:00+00:00,1.3.0,gachi,standard,yagura,manta,319,bravo,FALSE,sshooter,10,9,1,8,4,1179,a,50,nzap85,16,11,5,9,5,1194,a+,41,sshooter,15,14,1,8,3,1211,a+,50,splatroller_collabo,5,5,0,4,3,0,a-,32,sputtery,14,8,6,12,4,1114,a+,46,screwslosher,11,8,3,10,3,872,a+,34,sshooter,9,4,5,8,1,935,a+,26,52gal,9,9,0,9,5,1091,a,28
2017-09-18T12:00:00+00:00,1.3.0,gachi,standard,yagura,fujitsubo,300,bravo,FALSE,sshooter,12,10,2,9,3,947,a,50,sshooter_collabo,8,8,0,8,0,864,a,36,hokusai,8,5,3,9,2,803,a-,47,maneuver_collabo,13,9,4,11,1,928,a,39,splatcharger,11,9,2,7,5,765,a-,35,sshooter_collabo,11,11,0,6,1,922,a+,42,sshooter_collabo,13,10,3,10,0,929,a-,47,sputtery,11,7,4,9,3,1061,a,50
2017-09-18T12:00:00+00:00,1.3.0,gachi,standard,yagura,manta,302,alpha,FALSE,sshooter,10,8,2,8,3,891,a,50,sshooter,10,7,3,8,2,907,a-,24,sputtery,7,7,0,7,5,1224,a,50,sshooter,11,9,2,7,3,877,a,27,bold,7,5,2,7,5,1387,a,47,52gal,17,12,5,7,4,1008,a+,38,nova,5,4,1,10,2,613,a-,21,sshooter,10,8,2,7,2,1073,a,25
2017-09-18T14:00:00+00:00,1.3.0,regular,standard,nawabari,fujitsubo,180,bravo,FALSE,promodeler_rg,2,0,2,6,1,740,,50,sshooter_collabo,3,3,0,5,2,850,,39,jetsweeper,6,5,1,5,2,829,,26,52gal,3,2,1,3,2,897,,34,promodeler_rg,10,8,2,4,3,934,,36,hissen,6,3,3,3,2,655,,36,momiji,5,4,1,1,3,1170,,32,rapid,6,4,2,2,3,903,,31
2017-09-18T14:00:00+00:00,1.3.0,regular,standard,nawabari,fujitsubo,180,alpha,FALSE,promodeler_rg,5,4,1,5,1,910,,50,promodeler_rg,5,3,2,4,3,1036,,36,rapid,5,4,1,7,0,658,,31,l3reelgun,6,4,2,4,3,1005,,45,sshooter_collabo,7,7,0,4,1,1032,,39,hissen,5,5,0,3,2,876,,36,squiclean_a,7,3,4,5,2,656,,50,heroshooter_replica,7,5,2,4,3,926,,38
2017-09-18T14:00:00+00:00,1.3.0,regular,standard,nawabari,hokke,180,bravo,FALSE,promodeler_rg,4,3,1,4,2,1101,,50,sshooter_collabo,5,5,0,3,1,984,,39,heroshooter_replica,5,4,1,4,2,878,,38,liter4k_scope,4,2,2,2,2,677,,46,promodeler_rg,3,3,0,4,2,869,,36,hissen,7,7,0,4,2,751,,36,momiji,3,1,2,4,2,923,,41,momiji,2,2,0,2,4,1200,,43
2017-09-18T14:00:00+00:00,1.3.0,regular,standard,nawabari,fujitsubo,180,alpha,FALSE,promodeler_rg,6,5,1,3,1,1003,,50,hissen,8,7,1,2,3,949,,36,liter4k_scope,1,1,0,0,3,726,,46,heroshooter_replica,6,4,2,5,1,679,,42,sshooter_collabo,5,5,0,5,0,885,,39,heroshooter_replica,3,3,0,5,1,627,,38,momiji,2,1,1,4,2,900,,43,sshooter,2,1,1,3,2,761,,31
2017-09-18T14:00:00+00:00,1.3.0,regular,standard,nawabari,hokke,180,alpha,FALSE,promodeler_rg,0,0,0,0,2,996,,50,heroshooter_replica,9,9,0,4,2,858,,38,momiji,2,1,1,1,4,1086,,43,promodeler_rg,2,2,0,2,3,1008,,36,sshooter_collabo,2,2,0,4,0,980,,39,hissen,1,1,0,2,2,788,,36,liter4k_scope,2,2,0,2,1,575,,46,sshooter_collabo,2,2,0,4,1,785,,50
2017-09-18T14:00:00+00:00,1.3.0,regular,standard,nawabari,hokke,180,alpha,FALSE,promodeler_rg,6,4,2,1,2,1110,,50,liter4k_scope,6,5,1,1,2,639,,46,liter4k_scope,4,2,2,1,3,692,,48,heroshooter_replica,6,6,0,2,3,1001,,40,sshooter_collabo,1,1,0,4,0,761,,39,promodeler_rg,2,2,0,4,2,935,,36,hissen,1,1,0,4,1,512,,36,bold,1,1,0,5,1,917,,50
2017-09-18T14:00:00+00:00,1.3.0,regular,standard,nawabari,hokke,180,alpha,FALSE,promodeler_rg,4,3,1,5,1,1177,,50,bold,3,2,1,5,2,980,,50,nzap85,10,7,3,2,4,864,,34,maneuver,4,3,1,3,2,792,,40,liter4k_scope,4,2,2,3,2,707,,46,promodeler_rg,4,4,0,4,4,1143,,36,heroshooter_replica,2,2,0,3,1,798,,40,96gal,7,7,0,5,2,853,,50
2017-09-18T14:00:00+00:00,1.3.0,regular,standard,nawabari,hokke,180,alpha,FALSE,promodeler_rg,5,5,0,3,3,983,,50,maneuver,1,1,0,4,2,772,,40,96gal,6,4,2,3,3,914,,50,bold,3,3,0,4,1,1071,,39,promodeler_rg,2,2,0,3,3,1084,,36,maneuver_collabo,4,3,1,3,2,946,,50,l3reelgun,5,5,0,3,3,934,,50,jetsweeper,4,4,0,4,2,718,,36
2017-09-18T14:00:00+00:00,1.3.0,regular,standard,nawabari,hokke,180,bravo,FALSE,promodeler_rg,2,2,0,5,1,862,,50,maneuver,7,5,2,4,2,809,,40,l3reelgun,1,0,1,4,3,949,,50,bold,3,3,0,6,0,851,,39,promodeler_rg,7,7,0,4,3,1151,,36,maneuver_collabo,7,7,0,2,1,1230,,50,jetsweeper,3,2,1,2,2,720,,36,squiclean_a,5,3,2,2,2,695,,50
2017-09-18T14:00:00+00:00,1.3.0,regular,standard,nawabari,fujitsubo,180,alpha,FALSE,promodeler_rg,7,5,2,5,1,1032,,50,promodeler_rg,4,3,1,4,1,891,,36,maneuver,5,4,1,2,2,776,,40,jetsweeper,8,4,4,1,3,732,,36,maneuver_collabo,6,6,0,4,1,974,,50,bold,4,4,0,5,1,919,,39,squiclean_a,3,1,2,3,3,693,,50,splatcharger,1,1,0,4,1,658,,41
2017-09-18T14:00:00+00:00,1.3.0,regular,standard,nawabari,fujitsubo,180,alpha,FALSE,promodeler_rg,6,5,1,1,3,1292,,50,maneuver,3,2,1,1,2,681,,40,maneuver_collabo,9,6,3,1,2,901,,50,jetsweeper,1,0,1,1,3,682,,36,promodeler_rg,1,0,1,4,2,1044,,36,bold,2,2,0,4,1,1016,,39,splatcharger,1,1,0,2,2,688,,41,hotblaster_custom,1,1,0,3,1,526,,50
2017-09-18T14:00:00+00:00,1.3.0,gachi,standard,area,ama,163,bravo,TRUE,splatcharger_collabo,1,1,0,4,2,516,b-,18,sshooter,2,2,0,4,0,492,b+,22,promodeler_rg,3,1,2,6,3,684,b+,35,maneuver_collabo,5,5,0,5,0,600,b-,30,maneuver,7,5,2,1,4,887,b,33,splatscope_collabo,4,4,0,2,2,636,b,25,sshooter,6,5,1,3,1,563,b-,37,promodeler_rg,5,5,0,3,3,737,b+,50
2017-09-18T14:00:00+00:00,1.3.0,regular,standard,nawabari,hokke,180,alpha,FALSE,promodeler_rg,5,4,1,2,3,1232,,50,maneuver,2,2,0,1,3,872,,40,maneuver_collabo,5,5,0,4,2,717,,50,sshooter,8,7,1,3,2,733,,4,splatcharger,2,1,1,2,3,811,,41,hotblaster_custom,3,1,2,5,1,501,,50,splatroller,7,5,2,5,1,864,,23,dualsweeper,4,3,1,6,2,677,,29
2017-09-18T14:00:00+00:00,1.3.0,gachi,standard,area,ama,152,bravo,TRUE,splatcharger_collabo,3,2,1,2,2,714,b-,18,sharp,2,2,0,6,1,476,b,29,bucketslosher,8,6,2,4,2,625,b+,25,sshooter,3,3,0,6,1,557,b+,19,sshooter,6,6,0,5,1,506,b+,43,sharp,7,5,2,3,3,714,b+,27,sshooter,4,4,0,3,0,616,b,18,rapid,4,3,1,2,1,517,b,28
2017-09-18T14:00:00+00:00,1.3.0,gachi,standard,area,ama,206,bravo,TRUE,splatcharger_collabo,5,5,0,3,3,921,b-,18,sshooter,4,3,1,6,2,0,b+,36,momiji,8,6,2,6,3,1029,b+,39,maneuver_collabo,3,2,1,4,3,0,b+,23,rapid,6,4,2,2,3,878,b,28,promodeler_mg,7,6,1,4,4,918,b,22,sshooter,3,3,0,4,2,838,b+,25,hotblaster,6,6,0,6,0,515,b-,19
2017-09-18T14:00:00+00:00,1.3.0,gachi,squad_4,yagura,kombu,192,alpha,TRUE,sshooter,6,5,1,5,1,664,a,50,96gal,8,5,3,5,3,844,s+,35,screwslosher,13,11,2,5,0,827,s+,50,clashblaster,8,3,5,7,1,415,b-,31,sharp,7,2,5,7,1,528,s+,50,h3reelgun,12,7,5,3,4,786,s+,50,squiclean_a,10,8,2,6,2,558,b+,39,parashelter,7,5,2,8,2,841,a-,40
2017-09-18T14:00:00+00:00,1.3.0,gachi,standard,area,chozame,220,alpha,TRUE,splatcharger_collabo,2,2,0,3,2,616,b-,18,heroshooter_replica,11,9,2,3,3,664,b+,44,hokusai,10,9,1,7,1,769,b+,44,promodeler_rg,5,5,0,4,4,1029,b+,50,bold,10,8,2,8,3,702,b-,20,promodeler_mg,5,3,2,8,5,891,b,50,jetsweeper,3,3,0,5,4,576,b+,30,liter4k,3,2,1,4,3,699,b,28
2017-09-18T14:00:00+00:00,1.3.0,gachi,squad_4,yagura,mozuku,226,bravo,TRUE,sshooter,3,3,0,8,2,763,a,50,screwslosher,9,8,1,8,2,803,s+,50,52gal,7,4,3,8,3,719,s+,35,clashblaster,4,2,2,11,0,506,b-,31,l3reelgun,14,8,6,3,4,939,s,41,sshooter,13,12,1,5,3,722,s+,40,nova,12,11,1,4,3,643,s+,40,sshooter,9,4,5,5,3,823,b+,26
2017-09-18T14:00:00+00:00,1.3.0,gachi,standard,area,chozame,138,bravo,TRUE,splatcharger_collabo,3,3,0,5,1,382,b-,18,momiji,1,1,0,6,3,701,b,43,bold,3,3,0,4,3,719,b-,20,rapid,0,0,0,4,1,425,b+,21,jetsweeper,7,5,2,2,2,535,b,21,sshooter,5,3,2,2,1,405,b+,29,promodeler_mg,1,1,0,2,3,669,b-,50,hokusai,10,9,1,1,1,556,b+,44
2017-09-18T14:00:00+00:00,1.3.0,gachi,standard,area,chozame,223,bravo,TRUE,splatcharger_collabo,2,2,0,3,4,785,b-,18,promodeler_rg,6,4,2,6,5,1038,b,37,sputtery,4,1,3,7,0,649,b+,50,nova,11,10,1,4,3,889,b+,50,promodeler_mg,3,3,0,4,4,1025,b+,35,splatscope,5,4,1,2,3,673,b,25,pablo,10,8,2,7,1,702,b,40,promodeler_rg,9,5,4,4,6,1135,b,44
2017-09-18T14:00:00+00:00,1.3.0,gachi,squad_4,yagura,mozuku,317,alpha,FALSE,sshooter,11,5,6,9,3,1034,a,50,splatroller,20,18,2,10,3,1161,s+,35,sshooter,16,10,6,7,2,1197,s+,50,dualsweeper,14,8,6,6,5,1130,b-,31,jetsweeper,14,10,4,9,4,1111,s+,39,promodeler_rg,6,4,2,11,5,1529,s+,36,heroshooter_replica,16,11,5,9,5,1221,s+,50,hokusai,10,7,3,12,2,822,s+,50
2017-09-18T14:00:00+00:00,1.3.0,gachi,standard,area,ama,299,alpha,TRUE,splatcharger_collabo,2,2,0,5,3,955,b-,18,sshooter,14,13,1,10,2,792,b+,50,promodeler_rg,12,8,4,10,4,1198,b+,39,promodeler_rg,10,8,2,6,8,1894,b,32,prime_collabo,9,6,3,8,5,1181,b+,32,momiji,6,3,3,9,4,1129,b+,42,promodeler_rg,5,4,1,8,5,1285,b,33,sshooter,22,18,4,6,4,1283,b+,24
2017-09-18T14:00:00+00:00,1.3.0,gachi,squad_4,yagura,mozuku,97,bravo,TRUE,sshooter,1,1,0,4,0,292,a,50,sshooter,2,0,2,4,0,262,s+,50,splatroller,2,2,0,3,0,344,s+,35,dualsweeper,3,1,2,3,1,419,b-,31,nova,11,9,2,1,2,414,s+,50,parashelter,5,4,1,0,3,619,s+,50,nzap85,2,0,2,2,2,324,b-,30,splatscope,1,1,0,1,2,331,s+,50
2017-09-18T14:00:00+00:00,1.3.0,gachi,standard,area,ama,324,bravo,FALSE,splatcharger_collabo,4,4,0,6,4,1380,b-,18,maneuver_collabo,13,9,4,8,3,1040,b+,49,52gal,11,10,1,7,3,1062,b+,28,promodeler_rg,9,7,2,8,8,1966,b+,34,promodeler_mg,4,2,2,8,6,1552,b+,24,sshooter,12,11,1,8,3,1375,b-,20,momiji,10,6,4,7,4,1204,b-,15,screwslosher,10,10,0,7,1,1227,b+,43
2017-09-18T14:00:00+00:00,1.3.0,gachi,squad_4,yagura,kombu,233,bravo,TRUE,sshooter,5,5,0,8,1,877,a,50,splatroller,7,6,1,10,2,812,s+,35,sshooter,11,7,4,4,3,798,s+,50,rapid,7,4,3,8,2,850,b-,31,squiclean_a,8,4,4,5,4,701,b+,39,prime_collabo,7,5,2,5,4,807,s+,50,heroshooter_replica,14,12,2,6,3,1051,s+,50,prime_collabo,10,9,1,6,5,1060,a-,40
2017-09-18T14:00:00+00:00,1.3.0,gachi,squad_4,yagura,mozuku,149,bravo,TRUE,sshooter,2,2,0,6,0,406,a,50,sshooter,8,6,2,3,2,588,s+,50,splatroller,4,3,1,8,0,361,s+,35,rapid,4,1,3,5,1,439,b-,31,52gal,9,7,2,3,3,592,s+,50,nzap85,5,3,2,3,2,605,b-,37,barrelspinner_deco,7,4,3,2,2,472,s+,50,nova,10,8,2,4,2,415,s+,50
2017-09-18T14:00:00+00:00,1.3.0,gachi,standard,area,chozame,282,bravo,TRUE,splatcharger_collabo,2,2,0,5,3,823,b-,18,sshooter_collabo,12,12,0,8,3,1033,b+,50,rapid,3,2,1,9,1,535,b+,24,wakaba,8,6,2,8,4,1126,b,22,promodeler_mg,10,6,4,6,7,1473,b+,43,splatscope_collabo,11,10,1,7,3,859,b+,39,bold,8,8,0,2,3,862,b+,35,sshooter,8,5,3,7,1,765,b,35
2017-09-18T14:00:00+00:00,1.3.0,gachi,squad_4,yagura,kombu,91,alpha,TRUE,sshooter,4,3,1,3,1,292,a,50,sshooter,5,3,2,2,2,522,s+,50,splatroller,4,4,0,3,1,347,s+,35,rapid,1,1,0,3,1,339,b-,31,prime_collabo,6,5,1,2,1,479,a+,40,carbon,2,2,0,3,0,228,s+,35,hokusai,3,3,0,3,1,365,b-,36,52gal,2,1,1,3,0,260,s+,41
2017-09-18T14:00:00+00:00,1.3.0,gachi,squad_4,yagura,kombu,95,alpha,TRUE,sshooter,3,2,1,3,1,380,a,50,sshooter,5,5,0,1,2,463,s+,50,splatroller,7,6,1,3,1,401,s+,35,rapid,2,1,1,2,1,423,b-,31,squiclean_a,1,1,0,4,0,399,a,42,screwslosher,3,2,1,3,1,383,a-,24,splatroller,5,5,0,4,0,382,a,36,liter4k_scope,1,1,0,3,1,347,a,50
2017-09-18T14:00:00+00:00,1.3.0,gachi,squad_4,yagura,kombu,305,bravo,FALSE,sshooter,5,3,2,10,2,870,a,50,sshooter,11,7,4,8,4,1075,s+,50,splatroller,19,19,0,11,3,1052,s+,35,rapid,10,6,4,11,2,1047,b-,31,sshooter_collabo,16,13,3,7,5,1200,s,50,wakaba,12,8,4,9,5,1078,b+,27,rapid,8,3,5,12,3,896,b,36,splatroller,17,16,1,7,4,1076,a+,43
2017-09-18T14:00:00+00:00,1.3.0,gachi,standard,area,ama,272,alpha,TRUE,splatcharger_collabo,1,1,0,3,4,1042,b-,18,sputtery,13,10,3,9,0,703,b+,50,momiji,11,9,2,5,3,921,b+,34,screwslosher,17,13,4,6,0,1266,b+,47,screwslosher,7,6,1,9,0,1033,b-,35,hokusai,6,5,1,7,0,827,b+,43,sshooter,9,7,2,8,3,1006,b-,21,sputtery,7,5,2,9,1,942,b+,41
2017-09-18T14:00:00+00:00,1.3.0,gachi,squad_4,yagura,mozuku,60,bravo,TRUE,nzap85,1,0,1,4,0,223,a,50,splatroller,0,0,0,4,0,160,s+,35,sshooter,2,2,0,3,0,214,s+,50,rapid,1,1,0,4,0,213,b-,31,sshooter,1,1,0,1,1,206,a+,43,sshooter,6,3,3,1,1,321,a+,35,wakaba,7,6,1,0,2,409,s+,41,sshooter,6,5,1,1,2,335,s+,50
2017-09-18T14:00:00+00:00,1.3.0,gachi,standard,area,chozame,155,alpha,TRUE,splatcharger_collabo,2,0,2,0,2,477,b-,18,nzap85,6,3,3,3,3,541,b+,47,bold,4,2,2,5,0,458,b-,31,heromaneuver_replica,11,10,1,2,2,603,b+,47,l3reelgun,3,3,0,2,1,0,b+,38,promodeler_rg,5,5,0,4,4,858,b+,41,prime_collabo,2,1,1,4,2,461,b+,40,sputtery,1,1,0,6,0,409,b-,26
2017-09-18T14:00:00+00:00,1.3.0,gachi,squad_4,yagura,kombu,64,alpha,TRUE,nzap85,2,1,1,2,0,230,a,50,splatroller,6,4,2,2,1,319,s+,35,sshooter,6,5,1,1,1,316,s+,50,rapid,2,1,1,1,1,262,b-,31,nzap85,1,1,0,3,0,246,b,32,nzap85,2,0,2,3,0,235,b+,37,jetsweeper,3,1,2,2,0,262,b-,30,sshooter,5,4,1,3,1,304,s+,44
2017-09-18T14:00:00+00:00,1.3.0,gachi,squad_4,yagura,mozuku,269,alpha,TRUE,nzap85,5,2,3,7,3,872,a,50,sshooter,10,8,2,4,3,1047,s+,50,splatroller,16,16,0,6,3,982,s+,35,rapid,6,5,1,9,2,767,b-,31,sshooter,13,12,1,9,3,1002,s+,50,hotblaster,5,5,0,9,1,523,a+,42,sshooter,7,4,3,6,4,1074,s+,50,barrelspinner_deco,7,5,2,7,3,892,s+,50
2017-09-18T14:00:00+00:00,1.3.0,regular,standard,nawabari,hokke,180,bravo,FALSE,bold,2,1,1,6,0,888,,50,momiji,0,0,0,8,1,648,,34,promodeler_rg,2,1,1,5,1,832,,45,variableroller,2,2,0,3,2,684,,25,52gal,10,2,8,0,2,572,,16,screwslosher,6,3,3,1,3,675,,35,bold,7,5,2,3,2,1131,,22,bucketslosher,12,12,0,0,4,1027,,50
2017-09-18T16:00:00+00:00,1.3.0,gachi,standard,yagura,battera,309,bravo,FALSE,splatscope,8,8,0,2,2,962,c+,18,bold,8,6,2,10,3,1067,c,23,carbon,7,6,1,10,1,722,c-,12,hissen,13,9,4,7,3,883,c+,40,nzap85,15,11,4,8,5,1219,c+,29,hokusai,14,13,1,7,5,1124,c,16,prime_collabo,4,1,3,10,2,609,c+,26,promodeler_rg,4,4,0,4,4,883,c,38
2017-09-18T16:00:00+00:00,1.3.0,gachi,squad_4,hoko,gangaze,300,bravo,FALSE,sshooter,8,6,2,10,1,802,s+,50,promodeler_rg,17,13,4,9,4,1263,s+,35,sshooter_collabo,10,10,0,9,1,1084,s+,50,clashblaster,10,6,4,12,0,579,c-,31,bold,5,4,1,12,0,578,c+,32,sshooter,15,14,1,7,2,1115,c-,21,splatscope_collabo,15,13,2,6,3,1035,s+,50,maneuver_collabo,10,8,2,11,2,1023,a-,50
2017-09-18T16:00:00+00:00,1.3.0,regular,standard,nawabari,mozuku,180,alpha,FALSE,bold,3,3,0,2,2,1195,,50,sshooter,7,7,0,2,1,1081,,48,bold,2,2,0,1,2,926,,40,wakaba,1,0,1,0,4,1061,,31,barrelspinner_deco,2,2,0,2,2,748,,46,promodeler_rg,1,1,0,3,4,1086,,36,promodeler_rg,0,0,0,4,3,1452,,31,52gal,3,2,1,3,3,893,,30
2017-09-18T16:00:00+00:00,1.3.0,gachi,standard,yagura,battera,129,alpha,TRUE,splatscope,7,5,2,2,2,411,c+,18,hotblaster,2,2,0,4,1,203,c-,14,hokusai,9,6,3,1,2,546,c+,23,splatroller,10,9,1,2,2,589,c,34,clashblaster,3,2,1,6,0,193,c-,31,prime_collabo,2,1,1,6,0,275,c,22,screwslosher,6,5,1,5,0,506,c+,38,promodeler_mg,1,1,0,5,1,452,c+,43
2017-09-18T16:00:00+00:00,1.3.0,gachi,standard,yagura,tachiuo,196,bravo,TRUE,splatscope,2,2,0,2,1,354,c+,18,promodeler_mg,3,2,1,4,1,444,c+,28,clashblaster,6,5,1,2,2,346,c-,31,promodeler_rg,7,6,1,5,1,562,c+,32,hokusai,5,3,2,6,1,408,c+,23,momiji,2,2,0,2,1,524,c-,23,liter4k_scope,2,1,1,3,1,308,c,30,bucketslosher,5,5,0,5,1,368,c,15
2017-09-18T16:00:00+00:00,1.3.0,regular,standard,nawabari,mozuku,180,bravo,FALSE,bold,5,5,0,5,3,1271,,50,bold,3,1,2,4,1,1169,,45,soytuber,0,0,0,0,0,0,,44,52gal,4,4,0,5,4,852,,50,bold,4,3,1,2,3,967,,40,wakaba,3,3,0,3,2,730,,31,promodeler_rg,6,6,0,2,5,1443,,31,52gal,3,2,1,3,2,869,,30
2017-09-18T16:00:00+00:00,1.3.0,gachi,squad_4,hoko,ama,335,alpha,FALSE,sshooter,7,5,2,8,3,1088,s+,50,sshooter_collabo,13,9,4,7,3,1341,s+,50,promodeler_rg,15,12,3,9,6,1632,s+,35,clashblaster,11,7,4,11,0,818,c-,31,hokusai,17,14,3,12,1,911,s,47,wakaba,11,4,7,7,4,1282,,12,sshooter,15,7,8,6,6,1482,s+,50,rapid,11,9,2,8,5,1291,s,40
2017-09-18T16:00:00+00:00,1.3.0,gachi,standard,yagura,tachiuo,203,bravo,TRUE,splatscope,3,3,0,4,0,355,c+,18,sshooter_collabo,3,2,1,8,1,486,c-,16,prime,5,2,3,4,2,634,c,24,momiji,11,10,1,5,2,611,c,21,splatcharger,9,8,1,5,1,416,c+,24,bold,8,6,2,2,2,827,c,23,sshooter,2,1,1,5,0,467,c-,17,maneuver,5,4,1,5,1,511,c,23
2017-09-18T16:00:00+00:00,1.3.0,regular,standard,nawabari,kombu,180,alpha,FALSE,bold,8,7,1,4,3,1033,,50,wakaba,6,0,6,3,4,1066,,31,splatcharger,4,3,1,2,2,738,,36,splatscope_collabo,6,6,0,2,2,1001,,41,bold,3,3,0,3,1,996,,40,52gal,3,2,1,5,2,571,,50,sshooter,2,2,0,4,2,1065,,42,maneuver_collabo,5,4,1,4,1,931,,50
2017-09-18T16:00:00+00:00,1.3.0,gachi,squad_4,hoko,gangaze,319,bravo,FALSE,sshooter,6,6,0,13,0,1000,s+,50,sshooter_collabo,9,8,1,11,0,1093,s+,50,promodeler_rg,7,3,4,10,6,1318,s+,35,clashblaster,16,11,5,13,1,902,c-,31,sshooter,17,11,6,6,3,1039,s+,50,rapid,26,17,9,6,4,1388,s+,50,bold,14,10,4,8,3,1387,s+,50,sshooter,11,8,3,8,1,851,s+,50
2017-09-18T16:00:00+00:00,1.3.0,gachi,standard,yagura,battera,300,bravo,FALSE,splatscope,11,8,3,4,3,912,c+,18,bold,11,9,2,12,2,870,c-,25,screwslosher,12,11,1,11,2,952,c+,34,maneuver,10,6,4,10,1,931,c,27,nzap85,14,9,5,9,3,915,c-,21,wakaba,21,14,7,6,6,1284,c,17,promodeler_mg,8,7,1,9,2,809,c+,21,hissen,12,7,5,10,3,731,c-,31
2017-09-18T16:00:00+00:00,1.3.0,regular,standard,nawabari,mozuku,180,bravo,FALSE,bold,6,6,0,7,3,984,,50,wakaba,2,0,2,4,3,863,,31,splatcharger,2,2,0,5,0,537,,36,splatscope_collabo,2,2,0,5,3,930,,50,bold,4,3,1,1,3,1066,,40,sshooter,11,9,2,4,2,863,,42,splatscope_collabo,3,1,2,2,2,722,,41,maneuver_collabo,9,8,1,3,1,935,,50
2017-09-18T16:00:00+00:00,1.3.0,gachi,squad_4,hoko,ama,300,bravo,FALSE,sshooter,9,4,5,10,1,772,s+,50,clashblaster,13,10,3,7,2,1541,c-,31,sshooter_collabo,15,12,3,7,3,1153,s+,50,splatroller,14,11,3,12,2,848,s+,35,heroshooter_replica,15,11,4,10,3,1167,s+,42,nzap85,7,3,4,8,3,1124,s,44,herobrush_replica,16,16,0,10,0,990,s,44,sshooter,6,6,0,9,3,982,s+,50
2017-09-18T16:00:00+00:00,1.3.0,gachi,squad_4,hoko,ama,208,alpha,TRUE,sshooter,4,1,3,5,2,771,s+,50,sshooter_collabo,13,10,3,5,1,883,s+,50,splatroller,19,18,1,8,1,687,s+,35,clashblaster,7,4,3,5,0,634,c-,31,sshooter,6,5,1,8,1,689,b,26,sshooter,9,9,0,8,0,807,s+,44,hissen,5,4,1,7,1,637,b-,42,hokusai,5,5,0,10,0,590,a+,42
2017-09-18T16:00:00+00:00,1.3.0,gachi,squad_4,hoko,ama,300,alpha,FALSE,sshooter,6,4,2,9,1,866,s+,50,clashblaster,13,8,5,7,3,1128,c-,31,sshooter_collabo,19,14,5,5,5,1377,s+,50,splatroller,13,12,1,9,3,1125,s+,35,wakaba,9,4,5,10,5,1203,b-,17,wakaba,15,9,6,10,4,1204,s,50,sshooter,6,6,0,8,2,1146,a+,40,sshooter,15,11,4,11,2,1005,s+,43
2017-09-18T16:00:00+00:00,1.3.0,gachi,squad_4,hoko,gangaze,33,bravo,TRUE,sshooter,0,0,0,2,0,64,s+,50,splatroller,0,0,0,2,0,92,s+,35,clashblaster,0,0,0,2,0,74,c-,31,sshooter_collabo,2,2,0,1,0,210,s+,50,sshooter_collabo,2,2,0,0,0,132,a,42,bold,4,2,2,1,0,255,a+,50,rapid,5,3,2,0,0,177,s+,50,wakaba,2,0,2,1,1,204,s+,50
2017-09-18T16:00:00+00:00,1.3.0,regular,standard,nawabari,mozuku,180,bravo,FALSE,bold,6,5,1,2,4,1208,,50,bold,1,1,0,2,1,0,,41,bold,3,3,0,0,1,1454,,50,barrelspinner,7,4,3,3,2,870,,50,l3reelgun,3,3,0,2,3,1058,,50,promodeler_rg,2,2,0,3,2,1211,,44,promodeler_rg,1,0,1,4,3,954,,50,nzap85,3,2,1,4,3,894,,50
2017-09-18T16:00:00+00:00,1.3.0,regular,standard,nawabari,kombu,180,bravo,FALSE,bold,4,4,0,5,2,970,,50,heroroller_replica,6,6,0,2,1,941,,44,parashelter,3,3,0,3,2,917,,37,jetsweeper,1,1,0,1,3,975,,33,sputtery,4,2,2,6,2,918,,50,momiji,4,4,0,1,4,1430,,25,squiclean_a,4,3,1,4,2,684,,40,promodeler_rg,2,2,0,3,3,1175,,29
2017-09-18T16:00:00+00:00,1.3.0,gachi,squad_2,hoko,gangaze,151,bravo,TRUE,heroroller_replica,3,3,0,4,1,386,s,48,momiji,6,5,1,4,2,770,a+,39,screwslosher,5,4,1,1,1,446,b,23,bold,2,1,1,6,0,329,b-,20,carbon,6,5,1,3,2,659,a-,50,jetsweeper,1,0,1,3,1,499,a,44,splatroller,8,7,1,3,2,586,s+,45,splatscope,3,2,1,4,0,327,a+,47
2017-09-18T16:00:00+00:00,1.3.0,regular,standard,nawabari,kombu,180,bravo,FALSE,bold,6,5,1,4,1,902,,50,momiji,1,1,0,3,3,1024,,25,squiclean_a,4,4,0,4,1,604,,40,parashelter,3,2,1,6,2,835,,37,heroroller_replica,13,10,3,2,3,1009,,44,sputtery,3,2,1,6,1,880,,50,jetsweeper,3,2,1,0,3,883,,33,squiclean_a,5,3,2,4,1,494,,42
2017-09-18T16:00:00+00:00,1.3.0,gachi,squad_2,hoko,ama,300,alpha,FALSE,heroroller_replica,7,6,1,11,2,749,s,48,momiji,15,9,6,10,4,1359,a+,39,herobrush_replica,8,7,1,9,3,957,b,29,dualsweeper,19,13,6,6,3,1032,a-,37,maneuver_collabo,6,6,0,13,0,734,b,15,prime_collabo,13,8,5,8,4,1168,s,34,splatcharger_collabo,4,2,2,8,4,1159,a,40,splatroller,20,20,0,6,4,1048,s+,43
2017-09-18T16:00:00+00:00,1.3.0,regular,standard,nawabari,mozuku,180,bravo,FALSE,bold,4,3,1,3,2,1338,,50,momiji,5,3,2,3,3,1112,,25,squiclean_a,4,3,1,4,0,476,,42,splatroller,5,4,1,4,0,542,,9,heroroller_replica,6,5,1,3,3,872,,44,sputtery,6,6,0,5,2,790,,50,jetsweeper,1,0,1,1,3,843,,33,sshooter,3,3,0,4,2,843,,27
2017-09-18T16:00:00+00:00,1.3.0,gachi,squad_2,hoko,gangaze,312,alpha,FALSE,heroroller_replica,16,13,3,11,1,736,s,48,momiji,12,6,6,10,2,1234,a+,39,splatroller,19,19,0,7,3,892,s+,43,splatroller,11,9,2,10,3,786,b,15,herobrush_replica,15,11,4,12,0,889,b+,31,dualsweeper,8,7,1,14,2,697,a,24,herobrush_replica,15,9,6,12,2,816,b,29,dualsweeper,19,10,9,10,3,1039,a-,37
2017-09-18T16:00:00+00:00,1.3.0,gachi,squad_2,hoko,gangaze,44,bravo,TRUE,heroroller_replica,0,0,0,2,0,132,s,48,96gal,2,2,0,1,0,206,a,22,jetsweeper,1,1,0,1,1,274,s,34,momiji,1,0,1,2,0,138,a+,39,sshooter_collabo,1,0,1,1,0,152,s+,50,hotblaster_custom,4,4,0,0,0,406,s+,50,maneuver_collabo,2,1,1,1,0,190,a,24,pablo,1,1,0,1,0,93,s,26
2017-09-18T16:00:00+00:00,1.3.0,gachi,squad_2,hoko,gangaze,300,alpha,FALSE,heroroller_replica,6,6,0,10,0,656,s,48,heroblaster_replica,13,9,4,10,1,719,s,37,96gal,6,6,0,9,2,909,s,27,momiji,8,6,2,9,3,1176,a+,39,sshooter,14,10,4,10,2,781,s+,46,hotblaster,11,9,2,6,3,874,a+,28,jetsweeper,9,5,4,7,4,1015,s+,40,nova,16,13,3,7,2,802,s+,23
2017-09-18T16:00:00+00:00,1.3.0,gachi,squad_2,hoko,gangaze,300,bravo,FALSE,heroroller_replica,11,10,1,9,4,945,s,48,h3reelgun,5,2,3,6,4,833,b+,42,dualsweeper,9,8,1,8,5,1273,a+,37,momiji,12,11,1,11,1,894,a+,39,herobrush_replica,4,4,0,9,1,880,a+,38,sshooter_collabo,9,8,1,8,0,980,s+,50,hokusai,17,16,1,6,3,1237,s+,50,sshooter_collabo,7,4,3,8,0,816,b,50
2017-09-18T16:00:00+00:00,1.3.0,gachi,squad_2,hoko,ama,279,alpha,TRUE,heroroller_replica,14,9,5,8,3,909,s,48,momiji,10,5,5,10,2,1025,a+,39,prime,11,10,1,9,1,749,s+,45,sputtery,12,10,2,7,2,948,a+,47,heroblaster_replica,17,10,7,10,1,656,s,37,52gal,7,6,1,10,2,854,s,27,splatscope,12,9,3,7,3,1079,s+,47,carbon,12,9,3,8,3,926,s+,50
2017-09-18T16:00:00+00:00,1.3.0,regular,standard,nawabari,mozuku,180,bravo,FALSE,bold,3,2,1,4,2,1024,,50,momiji,2,2,0,4,4,1339,,18,momiji,2,1,1,1,3,1035,,24,wakaba,3,2,1,4,2,863,,39,pablo,4,4,0,3,2,890,,48,promodeler_rg,1,1,0,2,4,1178,,50,promodeler_rg,5,5,0,1,5,1342,,39,sshooter,5,3,2,1,3,1049,,46
2017-09-18T16:00:00+00:00,1.3.0,gachi,squad_2,hoko,gangaze,216,bravo,TRUE,heroroller_replica,5,5,0,7,1,502,s,48,jetsweeper,11,7,4,5,3,752,s+,40,momiji,8,7,1,8,1,839,a+,39,heroshelter_replica,7,4,3,7,3,1129,s+,23,bold,4,3,1,5,2,885,b+,42,dualsweeper,5,3,2,6,2,740,a+,37,wakaba,17,14,3,5,4,1048,s+,39,sshooter,8,7,1,7,2,894,s+,50
2017-09-18T18:00:00+00:00,1.3.0,gachi,standard,area,fujitsubo,110,alpha,TRUE,promodeler_rg,4,4,0,2,1,427,a,44,promodeler_rg,3,3,0,1,3,611,a-,40,nzap85,2,1,1,2,1,403,a-,39,prime,5,2,3,2,2,555,a-,50,dualsweeper,2,1,1,3,1,407,a+,42,promodeler_rg,5,5,0,3,3,619,a-,29,promodeler_mg,0,0,0,3,3,658,a-,26,squiclean_a,1,1,0,1,2,406,a+,40
2017-09-18T18:00:00+00:00,1.3.0,gachi,standard,area,fujitsubo,80,bravo,TRUE,promodeler_rg,0,0,0,3,1,328,a,44,nzap85,1,1,0,3,1,339,a,50,sshooter_collabo,1,1,0,2,2,275,a,36,promodeler_rg,0,0,0,2,2,461,a+,42,wakaba,3,2,1,1,2,398,a-,50,,6,4,2,1,1,294,a+,37,clashblaster,5,3,2,0,0,246,a-,50,sshooter,2,1,1,0,1,354,a-,50
2017-09-18T18:00:00+00:00,1.3.0,gachi,standard,area,fujitsubo,268,bravo,TRUE,,6,4,2,9,2,839,a-,44,promodeler_rg,9,8,1,6,8,1336,a+,40,sshooter_collabo,6,6,0,9,2,784,a-,46,52gal,10,7,3,6,5,889,a,28,sputtery,9,7,2,10,1,761,a,50,rapid,9,7,2,6,1,851,a,38,sshooter,13,10,3,3,5,1153,a+,50,sshooter_collabo,7,6,1,6,2,920,a+,25
2017-09-18T18:00:00+00:00,1.3.0,gachi,standard,area,fujitsubo,300,alpha,FALSE,sshooter_collabo,11,11,0,7,2,1008,a-,44,96gal,7,3,4,6,3,784,a-,50,splatcharger_collabo,7,6,1,5,5,1308,a,46,nzap85,7,1,6,5,6,1258,a,50,splatroller,8,8,0,8,2,973,a-,50,splatcharger_collabo,4,4,0,5,5,1235,a-,50,jetsweeper,4,3,1,0,9,1455,a+,50,sshooter,9,8,1,8,2,732,a-,43
2017-09-18T18:00:00+00:00,1.3.0,gachi,standard,area,fujitsubo,266,alpha,TRUE,sshooter_collabo,11,9,2,6,1,768,a-,44,bold,5,4,1,5,4,1122,a,50,hotblaster,13,11,2,6,3,723,a-,23,momiji,13,7,6,6,4,1151,a,40,sputtery,5,4,1,10,1,625,a+,50,splatroller,4,4,0,8,2,732,a-,50,sshooter_collabo,11,10,1,8,2,1014,a+,37,bold,5,5,0,5,3,1192,a+,31
2017-09-18T18:00:00+00:00,1.3.0,gachi,standard,area,fujitsubo,300,alpha,FALSE,sshooter_collabo,5,5,0,8,1,884,a-,44,sshooter_collabo,15,13,2,10,1,1066,a+,37,bold,6,4,2,4,4,1319,a+,31,jetsweeper,10,3,7,1,9,1531,a,19,sshooter_collabo,9,8,1,7,5,1128,a+,40,wakaba,7,4,3,4,7,1403,a+,33,bold,5,4,1,5,5,1280,a,50,nzap85,9,7,2,9,5,954,a-,23
2017-09-18T22:00:00+00:00,1.3.0,regular,standard,nawabari,ama,180,alpha,FALSE,rapid,3,2,1,1,2,706,,21,carbon,6,5,1,1,1,579,,13,barrelspinner_deco,6,6,0,2,1,695,,37,bucketslosher,3,3,0,1,2,593,,10,parashelter,0,0,0,3,3,819,,15,sshooter,4,3,1,5,2,575,,42,pablo,1,1,0,5,1,458,,5,carbon,1,1,0,3,1,541,,18
2017-09-18T22:00:00+00:00,1.3.0,gachi,standard,hoko,gangaze,54,alpha,TRUE,rapid,0,0,0,1,0,137,c,21,maneuver,7,5,2,0,1,335,c-,10,splatroller_collabo,1,1,0,0,0,225,c-,12,maneuver,2,2,0,0,1,183,c-,11,momiji,0,0,0,2,0,230,c+,17,splatroller,0,0,0,2,0,152,c+,12,maneuver,0,0,0,2,0,180,c-,20,sshooter_collabo,1,1,0,2,0,267,c-,10
2017-09-19T00:00:00+00:00,1.3.0,gachi,standard,yagura,kombu,156,alpha,TRUE,parashelter,6,2,4,1,4,827,s+,44,promodeler_rg,11,10,1,2,5,994,s+,40,barrelspinner_deco,3,2,1,2,3,677,s+,50,liter4k_scope,5,4,1,3,2,525,s+,50,splatcharger_collabo,4,4,0,5,0,487,s+,50,jetsweeper,2,1,1,5,2,633,s+,44,parashelter,4,1,3,2,3,845,s+,50,hissen,2,2,0,6,1,475,s+,44
2017-09-19T00:00:00+00:00,1.3.0,gachi,standard,yagura,kombu,315,bravo,FALSE,parashelter,13,9,4,5,9,2132,s+,44,nova,6,5,1,13,1,678,s+,35,nzap85,7,3,4,2,8,1682,s+,50,splatscope,3,2,1,7,4,889,s+,36,splatroller,11,11,0,7,4,950,s+,47,herospinner_replica,7,6,1,2,5,1253,s+,50,splatscope_collabo,7,7,0,5,7,1696,s+,50,momiji,5,3,2,5,6,1656,s+,50
2017-09-19T00:00:00+00:00,1.3.0,gachi,standard,yagura,manta,300,alpha,FALSE,parashelter,5,2,3,4,6,1577,s+,44,barrelspinner_deco,8,7,1,6,4,1130,s+,48,heroshooter_replica,10,10,0,8,3,818,s+,50,herobrush_replica,11,10,1,10,4,897,s+,48,sshooter,6,5,1,10,2,529,s+,44,nzap85,15,11,4,5,5,1387,s+,37,maneuver,6,3,3,7,7,1385,s+,50,splatscope,12,9,3,7,5,949,s+,41
2017-09-19T02:00:00+00:00,1.3.0,gachi,standard,area,ama,251,bravo,TRUE,parashelter,3,1,2,6,7,1568,s+,44,sputtery,6,5,1,7,3,967,s+,41,herocharger_replica,4,4,0,9,2,631,s+,39,splatroller,12,12,0,8,2,785,s+,32,splatspinner,8,5,3,6,3,873,s+,33,herospinner_replica,9,8,1,6,4,1046,s+,45,splatroller_collabo,13,11,2,4,5,1032,s+,41,splatscope,7,6,1,6,2,939,s+,48
2017-09-19T02:00:00+00:00,1.3.0,gachi,standard,area,hokke,216,alpha,TRUE,parashelter,7,3,4,3,4,1133,s+,44,dualsweeper,11,8,3,4,3,817,s+,40,sshooter_collabo,15,12,3,3,2,776,s+,33,carbon,12,10,2,5,2,566,s+,50,sshooter,4,4,0,8,3,799,s+,28,bold,4,3,1,8,3,1024,s+,35,barrelspinner,3,2,1,7,2,637,s+,38,hissen,8,6,2,10,2,597,s+,42
2017-09-19T02:00:00+00:00,1.3.0,gachi,standard,area,hokke,282,alpha,TRUE,parashelter,9,6,3,4,5,1313,s+,44,nzap85,14,10,4,4,6,1287,s+,48,promodeler_rg,6,3,3,7,4,995,s+,39,splatcharger,13,11,2,5,4,937,s+,48,dualsweeper,6,3,3,6,4,1240,s+,40,nzap85,9,4,5,6,6,1201,s+,48,bold,7,7,0,9,3,930,s+,33,52gal,7,6,1,9,3,882,s+,41
2017-09-19T04:00:00+00:00,1.3.0,gachi,standard,hoko,mozuku,300,bravo,FALSE,heroroller_replica,9,9,0,8,3,843,s,48,hissen,4,3,1,11,1,642,s,39,prime,7,6,1,5,5,1294,s,35,jetsweeper,10,8,2,8,3,801,s,43,l3reelgun,10,5,5,8,2,907,s,28,dualsweeper,10,10,0,9,2,896,s,38,screwslosher,10,8,2,2,5,1279,s,40,96gal,12,9,3,7,1,880,s,32
2017-09-19T04:00:00+00:00,1.3.0,gachi,squad_4,area,kombu,250,alpha,TRUE,parashelter,9,6,3,6,6,1660,s+,44,barrelspinner_deco,9,6,3,2,4,1209,s+,36,hokusai,6,6,0,5,2,821,a-,44,rapid,4,3,1,3,2,929,s,49,nzap85,7,5,2,5,4,1009,s+,46,jetsweeper,6,3,3,6,4,1050,b,18,barrelspinner,5,3,2,4,2,1137,s+,50,promodeler_mg,5,5,0,6,6,1407,s+,46
2017-09-19T04:00:00+00:00,1.3.0,gachi,standard,hoko,mozuku,300,bravo,FALSE,heroroller_replica,10,9,1,8,3,761,s,48,jetsweeper,7,2,5,9,3,758,s,30,bold,11,10,1,10,2,1174,s,36,nzap85,11,11,0,12,3,1087,s,33,splatroller_collabo,9,8,1,7,3,1038,s,37,pablo,19,12,7,7,3,922,s,50,wakaba,12,6,6,8,3,1053,s,39,heroshooter_replica,15,13,2,10,3,953,s,29
2017-09-19T04:00:00+00:00,1.3.0,gachi,squad_4,area,kombu,300,bravo,FALSE,parashelter,11,8,3,5,8,2093,s+,44,barrelspinner_deco,7,6,1,5,5,1384,s+,36,hokusai,9,8,1,6,3,1021,a-,45,rapid,5,2,3,5,3,1029,s,49,bold,5,5,0,6,3,1294,s+,45,prime_collabo,4,4,0,4,6,1298,s+,36,splatspinner,9,7,2,4,7,1474,s+,50,bold,7,5,2,10,5,1354,s+,35
2017-09-19T04:00:00+00:00,1.3.0,gachi,standard,hoko,tachiuo,306,bravo,FALSE,heroroller_replica,10,10,0,9,2,716,s,48,bold,11,10,1,8,3,0,s,36,dualsweeper,7,4,3,6,3,1051,s,28,screwslosher,12,4,8,9,0,627,s,40,hissen,9,8,1,10,1,738,s,39,wakaba,14,9,5,4,4,1070,s,39,jetsweeper,8,6,2,7,1,495,s,30,nzap85,10,8,2,8,3,984,s,40
2017-09-19T04:00:00+00:00,1.3.0,gachi,squad_4,area,gangaze,99,alpha,TRUE,parashelter,2,1,1,1,2,589,s+,44,barrelspinner_deco,3,2,1,0,1,395,s+,36,hokusai,5,4,1,2,0,259,a-,45,rapid,4,4,0,0,1,380,s,49,jetsweeper,1,1,0,3,1,317,s+,47,barrelspinner_deco,1,0,1,4,0,319,s+,50,herocharger_replica,2,2,0,0,2,375,a-,50,sshooter_collabo,1,0,1,4,2,383,b,37
2017-09-19T04:00:00+00:00,1.3.0,gachi,squad_4,area,gangaze,85,alpha,TRUE,parashelter,4,2,2,1,1,532,s+,44,hokusai,4,3,1,1,0,219,a-,45,barrelspinner_deco,4,4,0,1,0,311,s+,36,rapid,3,1,2,1,0,237,s,49,sshooter,1,1,0,2,0,317,a,46,sputtery,1,0,1,3,0,104,s+,50,maneuver_collabo,2,2,0,3,2,467,s+,50,jetsweeper,1,1,0,2,1,354,a,35
2017-09-19T04:00:00+00:00,1.3.0,gachi,standard,hoko,mozuku,313,alpha,FALSE,nova,11,11,0,8,3,770,s,48,promodeler_mg,12,10,2,9,6,1554,s,39,nzap85,5,3,2,7,4,1047,s,41,maneuver,9,7,2,11,4,1176,s,28,sputtery,2,1,1,11,1,902,s,44,promodeler_mg,12,11,1,5,3,1279,s,35,splatscope,14,12,2,7,3,1357,s,36,nzap85,15,11,4,9,2,1095,s,42
2017-09-19T04:00:00+00:00,1.3.0,gachi,squad_4,area,gangaze,110,alpha,TRUE,parashelter,0,0,0,2,2,619,s+,44,barrelspinner_deco,7,6,1,2,1,407,s+,36,hokusai,8,8,0,1,0,409,a-,45,rapid,2,0,2,2,1,324,s,49,sshooter,2,2,0,3,1,369,s+,50,nzap85,3,3,0,4,1,310,s+,46,dualsweeper,1,1,0,4,1,355,b,18,rapid,2,1,1,3,1,393,s+,46
2017-09-19T04:00:00+00:00,1.3.0,gachi,squad_4,area,gangaze,235,bravo,TRUE,parashelter,6,5,1,5,5,1209,s+,44,barrelspinner_deco,6,6,0,3,5,1019,s+,36,hokusai,6,4,2,9,1,475,a-,45,rapid,6,3,3,5,1,651,s,49,splatroller,16,14,2,2,4,1056,s+,50,rapid,4,1,3,6,3,801,s+,50,screwslosher,3,3,0,4,4,733,s+,38,heroroller_replica,4,4,0,6,2,811,s+,50
2017-09-19T04:00:00+00:00,1.3.0,gachi,standard,hoko,mozuku,302,bravo,FALSE,promodeler_rg,11,7,4,6,5,1404,s,48,jetsweeper,10,5,5,8,3,996,s,41,maneuver_collabo,15,11,4,9,2,1073,s,36,sshooter_collabo,10,9,1,8,2,857,s,35,hotblaster,11,10,1,8,2,965,s,37,screwslosher,9,8,1,9,2,804,s,34,dualsweeper,6,2,4,7,6,1141,s,36,hokusai,15,11,4,8,2,933,s,32
2017-09-19T04:00:00+00:00,1.3.0,gachi,squad_4,area,kombu,102,alpha,TRUE,parashelter,2,2,0,0,3,818,s+,44,hokusai,4,3,1,1,1,329,a-,45,barrelspinner_deco,6,6,0,0,2,522,s+,36,rapid,2,1,1,0,1,354,s,49,splatscope_collabo,1,1,0,2,1,496,s+,46,prime_collabo,0,0,0,3,3,538,a+,34,rapid,0,0,0,3,1,366,s+,46,dynamo,0,0,0,4,0,324,s+,41
2017-09-19T04:00:00+00:00,1.3.0,gachi,squad_4,area,kombu,97,alpha,TRUE,parashelter,6,4,2,1,2,712,s+,44,barrelspinner_deco,6,6,0,0,0,473,s+,36,hokusai,7,5,2,1,1,293,a-,45,rapid,3,1,2,0,1,250,s,49,carbon,1,1,0,6,1,349,b,37,barrelspinner_deco,1,1,0,3,2,439,s+,50,sshooter,0,0,0,3,0,403,a-,50,nzap85,0,0,0,5,0,247,s+,47
2017-09-19T04:00:00+00:00,1.3.0,gachi,standard,hoko,mozuku,300,alpha,FALSE,splatcharger_collabo,13,13,0,7,2,1049,s,48,promodeler_rg,13,11,2,11,2,968,s,35,splatroller,13,10,3,9,1,592,s,34,heroshooter_replica,9,6,3,8,3,900,s,47,splatroller,15,13,2,11,2,809,s,41,prime,13,7,6,9,4,1055,s,35,l3reelgun,13,10,3,9,3,1137,s,50,momiji,8,5,3,11,1,703,s,36
2017-09-19T04:00:00+00:00,1.3.0,gachi,squad_4,area,kombu,132,bravo,TRUE,parashelter,1,1,0,4,3,900,s+,44,barrelspinner_deco,1,1,0,4,1,497,s+,36,hokusai,3,3,0,2,2,458,a-,45,rapid,1,0,1,3,2,387,s,49,liter4k_scope,3,3,0,0,2,755,s+,50,wakaba,3,1,2,3,2,594,s+,50,sshooter,5,3,2,0,0,599,s+,50,splatspinner,6,6,0,2,2,536,s+,47
2017-09-19T04:00:00+00:00,1.3.0,gachi,standard,hoko,tachiuo,300,alpha,FALSE,splatcharger_collabo,6,6,0,6,3,876,s,48,promodeler_rg,9,7,2,10,1,854,s,35,prime_collabo,4,4,0,6,2,826,s,48,52gal,10,8,2,6,0,490,s,49,liter4k,0,0,0,0,0,0,s,41,prime,15,11,4,8,4,973,s,35,variableroller,14,11,3,9,4,781,s,50,52gal,8,5,3,10,3,1000,s,42
2017-09-19T04:00:00+00:00,1.3.0,gachi,squad_4,area,kombu,163,alpha,TRUE,parashelter,4,2,2,1,4,1207,s+,44,barrelspinner_deco,7,6,1,2,3,814,s+,36,hokusai,4,4,0,4,1,523,a-,45,rapid,2,1,1,2,2,518,s,49,hissen,0,0,0,5,1,492,s+,50,dualsweeper,2,1,1,3,4,932,a,33,sshooter,4,4,0,2,4,983,a,27,sshooter,5,4,1,3,2,615,s+,50
2017-09-19T04:00:00+00:00,1.3.0,gachi,squad_4,area,kombu,214,bravo,TRUE,parashelter,3,1,2,5,6,1368,s+,44,barrelspinner_deco,2,2,0,3,3,1061,s+,36,hokusai,6,6,0,4,4,750,a-,45,rapid,1,0,1,6,2,643,s,49,pablo,5,3,2,2,4,969,s+,50,sshooter,9,8,1,4,4,878,s+,50,barrelspinner_deco,5,5,0,0,6,1244,s+,48,bucketslosher,7,2,5,3,4,979,s+,45
2017-09-19T04:00:00+00:00,1.3.0,gachi,standard,hoko,mozuku,315,bravo,FALSE,splatcharger_collabo,7,5,2,7,4,1009,s,48,sshooter,8,8,0,11,0,1088,s,33,splatroller_collabo,15,14,1,8,5,1219,s,50,jetsweeper,8,4,4,1,6,879,s,50,prime,9,6,3,8,3,896,s,38,sshooter_collabo,12,9,3,5,2,851,s,41,screwslosher,13,9,4,7,4,1165,s,37,momiji,4,3,1,11,2,1212,s,50
2017-09-19T04:00:00+00:00,1.3.0,gachi,squad_4,area,gangaze,168,bravo,TRUE,parashelter,2,1,1,5,3,769,s+,44,barrelspinner_deco,9,7,2,5,1,568,s+,36,hokusai,5,3,2,4,1,456,a-,45,rapid,1,1,0,6,0,383,s,49,sshooter_collabo,8,7,1,2,1,709,s+,50,rapid,4,1,3,6,0,388,s+,50,splatscope_collabo,2,2,0,2,1,556,s+,50,sshooter_collabo,11,10,1,2,1,631,s+,50
2017-09-19T04:00:00+00:00,1.3.0,gachi,standard,hoko,tachiuo,320,bravo,FALSE,liter4k,6,4,2,6,3,851,s,48,sshooter,13,13,0,8,1,984,s,33,jetsweeper,4,0,4,4,3,703,s,50,splatroller,5,5,0,8,0,845,s,50,maneuver,7,4,3,7,3,590,s,38,splatroller_collabo,13,12,1,7,4,1155,s,50,jetsweeper,5,3,2,4,6,1031,s,41,splatroller,7,6,1,5,3,667,s,42
2017-09-19T04:00:00+00:00,1.3.0,gachi,squad_4,area,kombu,185,bravo,TRUE,parashelter,6,3,3,5,4,1138,s+,44,barrelspinner_deco,5,5,0,5,2,699,s+,36,hokusai,7,6,1,6,3,630,a-,45,rapid,2,1,1,5,1,543,s,49,sshooter_collabo,11,11,0,8,0,786,s+,50,rapid,3,1,2,4,1,783,s+,50,splatscope_collabo,3,3,0,0,3,797,s+,50,sshooter_collabo,7,6,1,3,2,854,s+,50
2017-09-19T04:00:00+00:00,1.3.0,gachi,standard,hoko,mozuku,312,alpha,FALSE,liter4k,3,3,0,5,4,979,s,48,sshooter_collabo,7,7,0,5,2,786,s,41,sputtery,13,12,1,9,4,1143,s,47,screwslosher,6,3,3,11,1,771,s,40,jetsweeper,9,6,3,5,4,747,s,50,sshooter,11,7,4,9,3,1175,s,39,sshooter_collabo,10,7,3,6,1,902,s,50,herocharger_replica,11,10,1,5,3,911,s,42
2017-09-19T04:00:00+00:00,1.3.0,gachi,standard,hoko,mozuku,266,alpha,TRUE,liter4k,4,4,0,5,1,610,s,48,splatscope,5,5,0,2,3,794,s,47,hotblaster_custom,5,4,1,6,0,564,s,35,sputtery,9,7,2,6,1,957,s,47,splatcharger,6,5,1,6,3,826,s,28,nzap85,10,8,2,9,3,894,s,32,maneuver,0,0,0,0,0,0,s,39,herocharger_replica,6,6,0,5,4,844,s,42
2017-09-19T04:00:00+00:00,1.3.0,gachi,standard,hoko,mozuku,144,alpha,TRUE,liter4k,5,4,1,1,3,747,s,48,splatroller_collabo,10,9,1,1,2,388,s,38,bold,5,4,1,4,2,761,s,40,sshooter,2,2,0,5,0,370,s,42,splatroller,4,2,2,5,1,348,s,48,jetsweeper,3,3,0,2,3,711,s,40,carbon,5,4,1,6,1,403,s,36,screwslosher,3,2,1,6,1,384,s,40
2017-09-19T04:00:00+00:00,1.3.0,gachi,standard,hoko,mozuku,106,bravo,TRUE,liter4k,2,2,0,1,2,450,s,48,bold,5,4,1,1,1,510,s,40,carbon,7,5,2,2,1,374,s,32,nzap85,1,0,1,4,1,328,s,36,splatroller_collabo,2,2,0,2,0,261,s,38,promodeler_mg,3,2,1,3,1,426,s,25,nova,2,1,1,3,0,359,s,30,maneuver_collabo,3,3,0,3,1,377,s,22
2017-09-19T04:00:00+00:00,1.3.0,gachi,standard,hoko,tachiuo,116,alpha,TRUE,liter4k,5,4,1,1,1,300,s,48,bold,4,4,0,3,1,473,s,50,bold,4,3,1,4,0,399,s,36,nzap85,6,6,0,3,0,532,s,36,bold,4,3,1,4,0,376,s,29,jetsweeper,3,1,2,5,0,243,s,43,bold,5,5,0,4,0,462,s,40,maneuver,2,2,0,4,1,444,s,50
2017-09-19T04:00:00+00:00,1.3.0,gachi,standard,hoko,mozuku,293,bravo,TRUE,liter4k,9,7,2,8,3,1056,s,48,jetsweeper,9,7,2,9,3,795,s,43,bold,13,13,0,7,3,1397,s,50,screwslosher,6,5,1,11,4,803,s,40,dualsweeper,7,3,4,7,2,936,s,50,jetsweeper,9,7,2,8,1,749,s,50,sshooter_collabo,9,7,2,9,1,797,s,37,bold,21,18,3,8,3,1453,s,40
2017-09-19T04:00:00+00:00,1.3.0,gachi,standard,hoko,mozuku,244,bravo,TRUE,liter4k,8,6,2,8,1,693,s,48,bold,11,10,1,9,1,1001,s,50,jetsweeper,8,6,2,8,2,704,s,43,momiji,6,4,2,7,2,1059,s,20,heroshooter_replica,7,7,0,6,3,750,s,48,96gal,4,4,0,7,1,714,s,34,dualsweeper,13,8,5,5,3,927,s,50,bold,14,13,1,8,2,1247,s,40
2017-09-19T06:00:00+00:00,1.3.0,regular,standard,nawabari,chozame,180,bravo,FALSE,parashelter,3,3,0,4,2,624,,44,squiclean_a,1,1,0,2,0,277,,20,sshooter,6,5,1,5,3,938,,50,screwslosher,6,5,1,4,0,470,,40,sshooter,5,5,0,2,1,349,,50,barrelspinner_deco,6,4,2,2,3,939,,50,sshooter_collabo,4,3,1,5,1,833,,40,hissen,2,2,0,6,0,487,,24
2017-09-19T10:00:00+00:00,1.3.0,gachi,standard,area,battera,163,bravo,TRUE,nzap85,3,2,1,6,1,489,a,50,momiji,4,4,0,5,2,841,a-,44,maneuver,3,3,0,3,2,625,a-,44,sputtery,1,1,0,5,3,860,a-,50,sputtery,4,4,0,4,1,508,a-,47,bold,9,7,2,3,3,657,a-,38,screwslosher,7,6,1,1,0,646,a,32,maneuver,3,2,1,2,3,850,a,36
2017-09-19T10:00:00+00:00,1.3.0,gachi,standard,area,battera,225,bravo,TRUE,nzap85,15,9,6,3,5,1006,a,50,splatcharger_collabo,3,3,0,6,4,806,a-,39,rapid,6,3,3,4,4,958,a+,50,52gal,7,5,2,6,1,474,a-,38,screwslosher,6,3,3,7,1,766,a-,32,bold,3,2,1,6,2,797,a-,38,sshooter,10,9,1,3,4,1128,a,50,liter4k_scope,5,5,0,4,4,812,a-,39
2017-09-19T10:00:00+00:00,1.3.0,gachi,standard,area,tachiuo,181,alpha,TRUE,nzap85,3,2,1,1,2,605,a,50,dualsweeper,7,5,2,2,2,575,a-,37,liter4k,5,5,0,0,2,348,a-,32,pablo,2,2,0,3,1,613,a-,47,promodeler_rg,2,2,0,3,4,784,a,42,dualsweeper,2,1,1,5,1,294,a-,46,52gal,1,1,0,4,3,506,a-,39,rapid,3,2,1,4,2,601,a-,49
2017-09-19T10:00:00+00:00,1.3.0,gachi,standard,area,tachiuo,328,alpha,FALSE,nzap85,10,5,5,10,4,938,a,50,momiji,7,5,2,6,5,1577,a-,25,bucketslosher,8,4,4,8,2,968,a-,28,bold,9,7,2,10,4,1146,a,30,prime,13,11,2,4,6,1611,a-,33,carbon,9,9,0,8,2,839,a,35,bold,9,8,1,5,5,1226,a-,34,soytuber,7,6,1,7,2,618,a+,41
2017-09-19T10:00:00+00:00,1.3.0,gachi,standard,area,tachiuo,125,alpha,TRUE,nzap85,4,1,3,1,1,388,a,50,hokusai,8,8,0,1,1,554,a-,50,rapid,6,3,3,1,1,387,a-,31,sputtery,1,1,0,2,1,442,a,28,sshooter_collabo,1,0,1,4,1,374,a,44,sputtery,2,1,1,4,1,375,a-,28,sputtery,0,0,0,4,1,449,a-,48,sshooter,4,4,0,3,1,292,a-,37
2017-09-19T10:00:00+00:00,1.3.0,gachi,standard,area,tachiuo,301,alpha,FALSE,nzap85,9,5,4,4,4,871,a,50,dualsweeper,11,7,4,6,2,849,a-,38,screwslosher,15,11,4,7,3,1030,a,50,sputtery,10,9,1,6,2,943,a,50,sputtery,5,5,0,10,1,752,a-,47,sshooter,8,6,2,5,5,1163,a,41,sshooter_collabo,4,3,1,11,3,679,a,32,screwslosher,6,6,0,7,3,1080,a,45
2017-09-19T10:00:00+00:00,1.3.0,gachi,standard,area,tachiuo,243,alpha,TRUE,nzap85,10,7,3,3,2,748,a,50,carbon,8,6,2,4,1,699,a-,27,sshooter,7,6,1,4,2,759,a+,50,barrelspinner_deco,2,1,1,1,5,1152,a-,37,52gal,5,5,0,3,5,776,a,49,sshooter,3,3,0,7,2,883,a+,27,sputtery,2,2,0,6,1,863,a,49,prime,4,2,2,5,4,798,a+,50
2017-09-19T10:00:00+00:00,1.3.0,gachi,standard,area,battera,113,bravo,TRUE,nzap85,1,1,0,5,1,382,a,50,prime,1,0,1,5,1,350,a,50,l3reelgun,3,3,0,4,2,565,a,22,wakaba,1,1,0,4,2,610,a+,37,52gal,6,5,1,3,1,345,a+,42,barrelspinner_deco,3,1,2,1,2,534,a,32,nova,9,9,0,0,2,480,a+,42,sputtery,5,3,2,1,1,627,a,27
2017-09-19T10:00:00+00:00,1.3.0,gachi,standard,area,tachiuo,258,alpha,TRUE,nzap85,9,8,1,7,0,478,a,50,promodeler_rg,11,7,4,4,4,1106,a+,42,promodeler_rg,5,4,1,8,4,948,a-,35,barrelspinner_deco,7,6,1,3,3,884,a+,26,bold,4,4,0,6,3,663,a+,42,sshooter,11,9,2,5,5,988,a+,44,momiji,4,2,2,8,2,802,a,42,herobrush_replica,6,6,0,7,3,817,a,47
2017-09-19T10:00:00+00:00,1.3.0,gachi,standard,area,tachiuo,304,bravo,FALSE,nzap85,5,5,0,7,4,847,a,50,sshooter,2,1,1,8,2,1075,a,43,barrelspinner,6,5,1,6,2,757,a-,28,liter4k_scope,5,5,0,4,5,1084,a-,35,rapid,7,5,2,5,3,1009,a,42,sshooter,10,10,0,4,4,1015,a,25,52gal,7,6,1,5,4,989,a+,50,liter4k,7,4,3,2,4,897,a,37
2017-09-19T10:00:00+00:00,1.3.0,regular,standard,nawabari,gangaze,180,bravo,,96gal,6,6,0,6,0,608,,50,promodeler_mg,1,1,0,6,2,866,,12,splatcharger_collabo,2,2,0,6,2,700,,16,splatroller_collabo,5,5,0,6,1,391,,35,sshooter,6,6,0,5,1,782,,19,squiclean_a,7,5,2,3,3,752,,50,hokusai,7,4,3,3,2,727,,14,sshooter,10,8,2,4,2,525,,27
2017-09-19T10:00:00+00:00,1.3.0,regular,standard,nawabari,gangaze,180,bravo,,96gal,3,2,1,6,1,509,,50,momiji,3,1,2,4,2,968,,46,sshooter,7,5,2,5,1,661,,19,carbon,5,5,0,3,1,521,,22,maneuver,3,3,0,2,2,900,,50,splatroller,7,5,2,3,2,745,,48,sshooter,9,8,1,4,2,684,,27,splatroller_collabo,3,2,1,6,0,304,,35
2017-09-19T10:00:00+00:00,1.3.0,regular,standard,nawabari,gangaze,180,bravo,,96gal,2,2,0,5,2,704,,50,momiji,1,1,0,3,3,1100,,46,splatroller,6,6,0,4,1,693,,48,sshooter,0,0,0,6,0,239,,19,bold,3,3,0,3,3,930,,44,sshooter,11,9,2,0,2,666,,27,carbon,4,4,0,3,2,625,,22,heroroller_replica,4,2,2,4,1,604,,50
2017-09-19T10:00:00+00:00,1.3.0,regular,standard,nawabari,fujitsubo,180,bravo,FALSE,promodeler_rg,5,4,1,2,4,1048,,50,parashelter,6,5,1,4,3,979,,24,dualsweeper,4,2,2,2,2,837,,26,splatscope,4,4,0,2,0,533,,30,sputtery,5,5,0,6,0,623,,29,heroshooter_replica,3,3,0,3,1,684,,46,promodeler_mg,0,0,0,4,2,870,,35,promodeler_rg,4,2,2,2,3,1084,,29
2017-09-19T12:00:00+00:00,1.3.0,gachi,standard,hoko,kombu,106,alpha,TRUE,nzap85,3,1,2,4,0,319,a,50,splatroller,4,4,0,1,2,563,a+,50,hokusai,2,2,0,3,0,354,a,46,wakaba,3,2,1,2,1,444,a-,50,promodeler_rg,5,5,0,2,3,635,a-,43,maneuver_collabo,5,4,1,2,1,532,a,28,sshooter,1,1,0,3,0,403,a,48,nzap85,2,0,2,2,1,492,a-,32
2017-09-19T12:00:00+00:00,1.3.0,regular,standard,nawabari,tachiuo,180,alpha,FALSE,promodeler_rg,5,5,0,1,5,1282,,50,dualsweeper,4,3,1,2,2,746,,20,carbon,5,4,1,4,2,580,,15,promodeler_rg,8,7,1,4,2,767,,35,promodeler_rg,5,5,0,4,2,842,,32,bold,1,1,0,5,3,853,,29,promodeler_mg,1,0,1,6,1,640,,24,dualsweeper,3,2,1,6,0,488,,29
2017-09-19T12:00:00+00:00,1.3.0,gachi,standard,hoko,kombu,238,bravo,TRUE,nzap85,11,9,2,8,2,796,a,50,liter4k,9,6,3,5,0,738,a,41,dualsweeper,14,13,1,6,3,881,a-,25,wakaba,7,2,5,8,1,801,a-,31,bold,13,12,1,7,0,926,a-,42,barrelspinner_deco,2,1,1,8,2,524,a+,43,sshooter,15,10,5,8,3,840,a+,50,pablo,7,4,3,7,2,997,a+,48
2017-09-19T12:00:00+00:00,1.3.0,regular,standard,nawabari,manta,180,alpha,FALSE,promodeler_rg,8,8,0,2,4,1304,,50,promodeler_mg,1,0,1,3,2,853,,24,carbon,1,1,0,7,0,418,,15,sshooter,9,7,2,4,0,605,,28,promodeler_rg,8,5,3,5,3,1166,,32,hokusai,7,7,0,2,0,455,,32,promodeler_mg,1,1,0,5,4,835,,19,hotblaster_custom,2,2,0,4,1,364,,27
2017-09-19T12:00:00+00:00,1.3.0,gachi,standard,hoko,ama,300,bravo,FALSE,nzap85,15,12,3,10,2,971,a,50,sshooter,8,4,4,9,1,1116,a-,42,screwslosher,6,2,4,10,2,892,a-,39,hotblaster_custom,11,8,3,5,4,915,a+,50,nova,13,10,3,8,5,956,a-,50,l3reelgun,12,7,5,4,5,1094,a+,50,screwslosher,9,5,4,7,3,1015,a,46,maneuver_collabo,15,12,3,7,2,1228,a-,44
2017-09-19T12:00:00+00:00,1.3.0,regular,standard,nawabari,tachiuo,180,bravo,FALSE,promodeler_rg,9,9,0,3,4,1184,,50,carbon,4,3,1,6,0,423,,15,hokusai,4,4,0,2,0,613,,32,splatscope_collabo,0,0,0,5,0,249,,28,promodeler_rg,5,3,2,6,1,697,,32,promodeler_mg,2,2,0,2,3,723,,24,maneuver_collabo,4,3,1,4,1,547,,26,sshooter_collabo,8,8,0,4,0,454,,21
2017-09-19T12:00:00+00:00,1.3.0,regular,standard,nawabari,tachiuo,180,bravo,FALSE,promodeler_rg,4,4,0,4,3,861,,50,momiji,2,1,1,2,2,845,,21,maneuver,0,0,0,5,1,462,,23,sputtery,0,0,0,3,1,721,,38,promodeler_rg,5,5,0,3,3,941,,39,heroshooter_replica,2,1,1,2,1,696,,27,52gal,7,5,2,0,3,730,,50,hokusai,4,2,2,2,1,654,,24
2017-09-19T12:00:00+00:00,1.3.0,gachi,standard,hoko,ama,130,bravo,TRUE,nzap85,4,2,2,6,0,482,a,50,prime,2,2,0,5,0,481,a+,50,splatroller,4,3,1,5,1,369,a+,50,bold,6,6,0,5,1,493,a+,49,sshooter,9,8,1,4,1,373,a-,25,bucketslosher,9,8,1,1,3,653,a-,49,sputtery,1,1,0,5,1,371,a-,27,wakaba,7,4,3,3,2,680,a+,45
2017-09-19T12:00:00+00:00,1.3.0,regular,standard,nawabari,tachiuo,180,alpha,FALSE,promodeler_rg,4,3,1,4,3,888,,50,promodeler_rg,4,3,1,3,3,909,,39,heroshooter_replica,2,2,0,3,1,562,,27,hokusai,3,3,0,2,1,574,,24,momiji,3,3,0,4,2,817,,21,hokusai,4,3,1,1,1,728,,21,barrelspinner,3,3,0,3,1,726,,25,bold,2,2,0,5,0,432,,21
2017-09-19T12:00:00+00:00,1.3.0,gachi,standard,hoko,kombu,251,alpha,TRUE,nzap85,6,2,4,4,4,977,a,50,nova,8,7,1,6,2,880,a-,42,splatroller,6,6,0,6,3,1034,a-,42,nova,5,3,2,5,2,694,a,34,momiji,11,7,4,6,3,1303,a-,35,nova,13,10,3,5,5,906,a,45,bucketslosher,0,0,0,0,0,0,a-,42,nzap85,8,4,4,7,3,1166,a-,50
2017-09-19T12:00:00+00:00,1.3.0,regular,standard,nawabari,manta,180,alpha,FALSE,promodeler_rg,7,5,2,2,3,1107,,50,sshooter,3,2,1,2,0,480,,42,hotblaster,4,4,0,3,2,637,,40,hokusai,5,4,1,2,3,778,,28,maneuver,4,4,0,4,1,644,,19,promodeler_rg,4,4,0,4,1,969,,29,splatscope_collabo,0,0,0,4,0,290,,44,barrelspinner_deco,1,1,0,3,2,602,,23
2017-09-19T12:00:00+00:00,1.3.0,regular,standard,nawabari,tachiuo,180,bravo,FALSE,promodeler_rg,5,5,0,2,3,1153,,50,maneuver,5,5,0,2,2,697,,19,splatroller,3,3,0,5,0,368,,11,momiji,0,0,0,0,0,0,,17,hotblaster,4,3,1,2,2,672,,40,promodeler_rg,1,1,0,2,1,950,,29,sshooter,2,2,0,6,0,573,,26,hotblaster,1,1,0,3,0,175,,11
2017-09-19T12:00:00+00:00,1.3.0,gachi,standard,hoko,kombu,300,alpha,FALSE,nzap85,12,7,5,10,3,899,a,50,splatroller,13,9,4,6,3,879,a+,50,nzap85,15,9,6,8,4,968,a,31,sshooter,9,7,2,6,3,968,a-,28,52gal,6,6,0,9,2,906,a-,33,sshooter_collabo,9,7,2,8,2,843,a-,47,hokusai,10,9,1,6,3,0,a-,30,sshooter,10,8,2,9,2,1050,a+,37
2017-09-19T12:00:00+00:00,1.3.0,regular,standard,nawabari,manta,180,alpha,FALSE,promodeler_rg,8,8,0,4,4,1107,,50,maneuver,2,1,1,5,1,697,,19,promodeler_rg,1,1,0,6,2,817,,29,momiji,2,2,0,2,2,620,,39,hotblaster,5,5,0,2,2,765,,40,sshooter,2,2,0,2,2,979,,26,maneuver,7,7,0,4,2,744,,16,52gal,2,2,0,4,1,457,,16
2017-09-19T12:00:00+00:00,1.3.0,regular,standard,nawabari,tachiuo,180,alpha,,96gal,5,3,2,3,1,654,,50,promodeler_mg,6,6,0,4,4,1198,,23,momiji,3,3,0,1,3,806,,50,sputtery,4,3,1,2,2,593,,41,bold,4,2,2,4,2,869,,36,barrelspinner_deco,7,5,2,3,2,673,,17,96gal,1,1,0,6,0,505,,36,sputtery,2,2,0,2,1,0,,27
2017-09-19T12:00:00+00:00,1.3.0,regular,standard,nawabari,tachiuo,180,alpha,FALSE,promodeler_rg,8,7,1,1,4,1182,,50,momiji,3,2,1,3,0,410,,4,splatroller,6,4,2,2,2,614,,20,promodeler_mg,3,2,1,1,2,659,,6,promodeler_mg,2,2,0,4,3,664,,19,splatcharger,0,0,0,3,0,344,,19,sshooter,2,2,0,5,1,598,,20,nzap85,3,3,0,4,2,707,,21
2017-09-19T12:00:00+00:00,1.3.0,regular,standard,nawabari,tachiuo,180,alpha,,96gal,7,5,2,4,2,765,,50,momiji,3,2,1,0,3,806,,50,promodeler_mg,3,2,1,5,2,671,,23,momiji,4,2,2,5,1,654,,34,52gal,5,4,1,3,2,757,,50,bold,0,0,0,4,1,745,,36,sshooter,4,4,0,4,2,710,,32,sputtery,5,5,0,3,1,678,,41
2017-09-19T12:00:00+00:00,1.3.0,regular,standard,nawabari,manta,180,alpha,FALSE,promodeler_rg,4,4,0,2,5,1383,,50,momiji,2,1,1,2,1,610,,4,splatroller,1,1,0,4,0,337,,20,sshooter,5,4,1,4,2,712,,46,promodeler_mg,1,1,0,0,3,959,,19,splatcharger,2,2,0,3,1,396,,19,nzap85,4,3,1,2,2,913,,21,splatcharger,5,5,0,5,0,576,,27
2017-09-19T12:00:00+00:00,1.3.0,regular,standard,nawabari,manta,180,bravo,,96gal,3,3,0,4,2,669,,50,promodeler_mg,2,2,0,6,4,1054,,23,bold,4,4,0,4,1,1022,,36,hotblaster_custom,4,2,2,5,1,476,,39,momiji,5,5,0,3,3,945,,50,sshooter,7,6,1,4,3,935,,32,jetsweeper,7,2,5,1,3,794,,42,momiji,6,6,0,3,1,682,,34
2017-09-19T12:00:00+00:00,1.3.0,regular,standard,nawabari,manta,180,bravo,,96gal,3,3,0,3,2,753,,50,promodeler_mg,4,3,1,4,5,1300,,23,bold,1,1,0,5,0,780,,36,heroshooter_replica,3,3,0,5,1,693,,24,momiji,1,1,0,3,3,1072,,50,jetsweeper,11,11,0,0,4,999,,42,sshooter,3,1,2,3,2,810,,32,momiji,5,4,1,4,1,712,,34
2017-09-19T12:00:00+00:00,1.3.0,gachi,squad_4,area,mozuku,135,alpha,TRUE,splatroller,1,1,0,4,1,392,,28,sshooter_collabo,11,11,0,3,1,634,,32,rapid,5,4,1,2,2,569,,33,hotblaster,3,2,1,4,1,326,,40,sputtery,4,4,0,4,1,372,,48,hokusai,6,5,1,7,1,381,,50,sshooter,1,1,0,3,1,490,,49,sshooter,4,3,1,4,1,633,,50
2017-09-19T12:00:00+00:00,1.3.0,gachi,squad_4,area,mozuku,77,bravo,TRUE,splatroller,3,2,1,3,1,308,,28,sshooter_collabo,2,1,1,3,0,342,,33,hotblaster,2,2,0,2,1,279,,40,rapid,0,0,0,4,0,136,,33,splatcharger_collabo,3,3,0,1,0,252,,50,maneuver_collabo,2,2,0,2,0,263,,48,sshooter_collabo,4,3,1,1,1,360,,49,52gal,4,4,0,1,0,302,,37
2017-09-19T12:00:00+00:00,1.3.0,regular,standard,nawabari,tachiuo,180,alpha,FALSE,promodeler_rg,7,6,1,0,4,1363,,50,nzap85,3,2,1,2,3,898,,21,splatroller,0,0,0,0,0,0,,18,momiji,2,2,0,0,3,996,,20,momiji,0,0,0,2,2,840,,4,carbon,1,1,0,2,2,912,,18,splatroller_collabo,0,0,0,3,3,729,,41,splatcharger,1,1,0,4,1,350,,8
2017-09-19T12:00:00+00:00,1.3.0,regular,standard,nawabari,tachiuo,180,alpha,FALSE,promodeler_rg,9,8,1,2,5,1120,,50,splatcharger,4,4,0,2,0,225,,8,momiji,4,2,2,3,2,754,,20,sshooter,1,0,1,0,1,574,,50,nzap85,4,2,2,3,2,725,,22,carbon,0,0,0,2,2,771,,18,parashelter,0,0,0,7,0,386,,13,hokusai,5,4,1,3,2,597,,43
2017-09-19T12:00:00+00:00,1.3.0,gachi,squad_4,area,fujitsubo,187,bravo,TRUE,splatroller,5,3,2,7,1,601,,28,sshooter_collabo,7,6,1,5,3,927,,40,rapid,4,4,0,6,2,704,,33,hotblaster,0,0,0,6,2,404,,33,sshooter_collabo,5,3,2,3,2,750,,50,rapid,5,3,2,3,2,730,,41,wakaba,14,12,2,3,4,940,,39,52gal,5,5,0,4,2,627,,32
2017-09-19T12:00:00+00:00,1.3.0,regular,standard,nawabari,tachiuo,180,alpha,FALSE,promodeler_rg,12,12,0,1,5,1290,,50,carbon,0,0,0,3,1,474,,18,maneuver,1,1,0,3,1,554,,20,hissen,2,2,0,4,1,534,,40,splatcharger,3,3,0,5,0,334,,8,parashelter,1,1,0,4,2,779,,13,carbon,1,1,0,3,1,654,,36,promodeler_rg,5,5,0,5,2,752,,41
2017-09-19T12:00:00+00:00,1.3.0,regular,standard,nawabari,tachiuo,180,alpha,,96gal,9,8,1,3,1,638,,50,splatroller_collabo,3,3,0,2,2,764,,17,l3reelgun,3,2,1,3,1,717,,34,prime_collabo,4,4,0,0,2,553,,27,sshooter,3,3,0,4,3,880,,32,splatscope_collabo,2,2,0,4,1,668,,34,prime,1,1,0,5,0,360,,15,carbon,2,1,1,5,0,328,,43
2017-09-19T12:00:00+00:00,1.3.0,gachi,squad_4,area,mozuku,87,bravo,TRUE,rapid,2,1,1,4,0,253,,28,splatroller,4,3,1,3,1,359,,40,sshooter_collabo,2,0,2,3,0,340,,33,hotblaster,3,3,0,2,1,305,,33,52gal,3,1,2,3,0,236,,50,splatscope_collabo,4,4,0,0,1,495,,50,hokusai,4,3,1,2,0,370,,50,heroshooter_replica,4,4,0,2,1,283,,50
2017-09-19T12:00:00+00:00,1.3.0,gachi,squad_4,area,mozuku,131,bravo,TRUE,rapid,3,2,1,3,1,557,,28,sshooter_collabo,4,4,0,2,1,637,,33,splatroller,3,3,0,4,2,596,,40,hotblaster,2,1,1,3,1,359,,33,hissen,2,2,0,2,1,444,,34,sshooter,5,4,1,3,0,401,,35,barrelspinner_deco,4,2,2,3,2,602,,47,promodeler_rg,5,4,1,2,5,964,,50
2017-09-19T12:00:00+00:00,1.3.0,regular,standard,nawabari,manta,180,bravo,,96gal,5,5,0,5,1,630,,50,sshooter,3,2,1,5,1,794,,12,sshooter,2,2,0,5,1,666,,32,splatscope_collabo,3,3,0,4,0,633,,34,heroshooter_replica,11,8,3,2,3,909,,50,l3reelgun,5,3,2,4,3,892,,34,prime_collabo,7,5,2,3,2,697,,27,sshooter,4,3,1,3,1,560,,20
2017-09-19T12:00:00+00:00,1.3.0,regular,standard,nawabari,manta,180,bravo,FALSE,promodeler_rg,5,5,0,1,5,1472,,50,rapid,1,1,0,3,1,636,,29,heroshooter_replica,3,3,0,2,2,854,,40,splatcharger,2,2,0,3,0,371,,46,maneuver_collabo,4,4,0,4,1,655,,33,sshooter_collabo,1,1,0,2,2,783,,21,promodeler_mg,3,3,0,2,3,1009,,15,promodeler_mg,1,1,0,4,0,802,,14
2017-09-19T12:00:00+00:00,1.3.0,gachi,squad_4,area,fujitsubo,84,alpha,TRUE,sshooter_collabo,1,1,0,2,0,322,,28,rapid,5,3,2,1,1,410,,33,hotblaster,4,3,1,0,1,271,,40,splatroller,3,3,0,2,0,253,,33,promodeler_mg,1,1,0,3,1,434,,17,jetsweeper,2,2,0,2,1,274,,48,sshooter,2,1,1,4,1,243,,36,splatcharger,1,1,0,1,2,255,,48
2017-09-19T12:00:00+00:00,1.3.0,regular,standard,nawabari,manta,180,alpha,FALSE,promodeler_rg,8,8,0,1,4,1318,,50,sshooter_collabo,2,2,0,3,1,623,,21,barrelspinner_deco,7,5,2,1,1,633,,36,wakaba,1,0,1,0,3,782,,27,rapid,2,2,0,2,1,561,,29,promodeler_mg,0,0,0,4,4,992,,15,promodeler_mg,1,1,0,5,0,721,,14,splatroller,2,2,0,5,1,615,,11
2017-09-19T12:00:00+00:00,1.3.0,gachi,squad_4,area,fujitsubo,102,alpha,TRUE,sshooter_collabo,4,3,1,2,1,437,,28,rapid,1,1,0,2,1,478,,33,hotblaster,5,4,1,1,1,362,,40,splatroller,3,2,1,2,1,278,,33,screwslosher,5,5,0,3,0,482,,50,nzap85,3,0,3,1,2,379,,50,rapid,3,2,1,4,1,478,,50,sshooter,1,0,1,2,1,345,,46
2017-09-19T12:00:00+00:00,1.3.0,regular,standard,nawabari,tachiuo,180,bravo,,splatscope,1,1,0,7,0,424,,50,hissen,3,3,0,3,2,735,,33,l3reelgun,3,2,1,4,2,731,,34,prime_collabo,2,2,0,3,1,0,,27,sshooter,3,2,1,1,3,724,,20,sshooter,3,2,1,3,2,701,,32,splatscope_collabo,8,8,0,2,0,661,,34,heroshooter_replica,2,2,0,3,1,536,,50
2017-09-19T12:00:00+00:00,1.3.0,regular,standard,nawabari,tachiuo,180,alpha,FALSE,promodeler_rg,10,9,1,3,3,1062,,50,bold,4,2,2,4,1,724,,37,wakaba,7,5,2,3,2,737,,35,sshooter,1,0,1,0,1,0,,46,momiji,2,2,0,4,2,714,,37,splatroller,4,4,0,5,1,658,,34,96gal,2,2,0,3,2,587,,21,momiji,2,2,0,4,2,823,,28
2017-09-19T12:00:00+00:00,1.3.0,gachi,squad_4,area,mozuku,205,bravo,TRUE,sshooter_collabo,7,6,1,9,0,813,,28,rapid,6,4,2,8,2,798,,33,hotblaster,7,6,1,7,3,714,,40,splatroller,6,5,1,6,3,668,,33,carbon,11,11,0,7,2,643,,50,screwslosher,7,4,3,6,0,767,,50,sshooter,11,11,0,5,1,870,,50,wakaba,11,4,7,3,4,849,,40
2017-09-19T12:00:00+00:00,1.3.0,regular,standard,nawabari,manta,180,alpha,FALSE,promodeler_rg,5,4,1,2,5,1243,,50,bold,3,2,1,3,2,826,,37,splatroller,4,4,0,3,2,842,,34,bold,4,4,0,2,3,876,,26,momiji,2,1,1,2,2,695,,37,wakaba,3,2,1,4,1,859,,35,bold,4,4,0,3,3,976,,39,nzap85,5,3,2,5,2,630,,45
2017-09-19T12:00:00+00:00,1.3.0,gachi,squad_4,area,fujitsubo,249,alpha,TRUE,hotblaster,7,4,3,6,1,532,,28,rapid,17,13,4,3,4,1116,,40,sshooter_collabo,9,8,1,3,2,877,,33,splatroller,7,5,2,5,3,702,,33,splatcharger,5,5,0,8,1,537,,47,52gal,7,6,1,7,4,869,,20,dynamo,4,2,2,8,3,774,,42,nova,5,4,1,7,3,780,,22
2017-09-19T12:00:00+00:00,1.3.0,gachi,standard,hoko,ama,80,alpha,TRUE,wakaba,6,5,1,1,1,371,b,31,screwslosher,4,4,0,0,2,466,b,33,heroshooter_replica,6,5,1,1,0,374,b+,39,promodeler_rg,4,1,3,0,2,507,b,30,bold,0,0,0,4,0,250,b-,28,,0,0,0,3,0,276,b-,34,sshooter_collabo,2,2,0,4,0,365,b-,24,screwslosher,1,0,1,4,1,235,b+,26
2017-09-19T12:00:00+00:00,1.3.0,regular,standard,nawabari,manta,180,bravo,FALSE,promodeler_rg,8,7,1,4,3,1162,,50,momiji,3,2,1,2,2,811,,26,promodeler_mg,3,3,0,5,4,980,,36,h3reelgun,1,1,0,4,2,663,,50,bold,5,5,0,3,0,1059,,48,splatroller_collabo,4,3,1,5,1,688,,44,promodeler_rg,4,4,0,2,3,1180,,32,52gal,3,3,0,3,2,815,,25
2017-09-19T12:00:00+00:00,1.3.0,gachi,squad_4,area,fujitsubo,95,alpha,TRUE,hotblaster,6,4,2,1,1,370,,28,sshooter_collabo,3,2,1,2,0,415,,33,rapid,5,2,3,2,1,414,,40,splatroller,7,6,1,1,0,307,,33,momiji,1,1,0,4,1,352,,20,splatscope,2,2,0,1,2,470,,43,wakaba,1,0,1,4,1,429,,36,screwslosher,3,3,0,5,0,362,,46
2017-09-19T12:00:00+00:00,1.3.0,gachi,standard,hoko,ama,71,alpha,TRUE,wakaba,5,3,2,1,1,476,b,31,herospinner_replica,2,1,1,1,1,411,b,29,sshooter,3,3,0,0,0,314,b,50,hokusai,1,1,0,0,1,305,b,26,sshooter,0,0,0,3,0,309,b,26,,1,1,0,3,0,195,b,38,sputtery,1,1,0,1,1,314,b,27,dualsweeper,0,0,0,1,2,453,b-,26
2017-09-19T12:00:00+00:00,1.3.0,gachi,standard,hoko,kombu,312,alpha,FALSE,wakaba,14,10,4,5,5,1320,b+,31,hissen,20,15,5,8,4,1352,b+,50,,11,8,3,2,5,1276,b,22,sshooter,4,2,2,12,0,738,b,19,wakaba,9,7,2,9,3,1075,b-,17,jetsweeper,9,4,5,10,3,869,b,24,promodeler_rg,10,9,1,8,7,1770,b+,40,screwslosher,13,7,6,9,6,1242,b+,41
2017-09-19T12:00:00+00:00,1.3.0,gachi,squad_4,area,mozuku,76,alpha,TRUE,hotblaster,5,3,2,1,0,287,,28,rapid,3,2,1,1,1,338,,40,sshooter_collabo,4,3,1,1,0,322,,33,splatroller,3,3,0,1,0,204,,33,splatscope,0,0,0,3,0,345,,21,promodeler_rg,1,1,0,2,2,417,,50,splatroller,2,2,0,2,2,220,,50,promodeler_rg,1,1,0,4,1,302,,36
2017-09-19T12:00:00+00:00,1.3.0,gachi,squad_4,area,mozuku,102,alpha,TRUE,hotblaster,5,4,1,3,1,433,,28,sshooter_collabo,2,2,0,1,1,512,,33,rapid,4,3,1,3,1,425,,40,splatroller,3,2,1,3,1,327,,33,momiji,2,2,0,3,1,457,,32,bold,2,2,0,3,2,618,,47,sshooter_collabo,3,2,1,2,1,412,,46,barrelspinner,5,4,1,3,0,499,,33
2017-09-19T12:00:00+00:00,1.3.0,gachi,standard,hoko,kombu,77,bravo,TRUE,wakaba,4,2,2,2,1,466,b+,31,sshooter,3,2,1,3,0,263,b-,17,maneuver,2,2,0,2,0,342,b+,21,dualsweeper,3,1,2,2,0,369,b-,20,bold,4,3,1,3,1,388,b+,32,nzap85,2,1,1,1,1,410,b-,25,prime,2,2,0,2,1,376,b+,39,bold,4,3,1,1,2,543,b+,35
2017-09-19T12:00:00+00:00,1.3.0,gachi,standard,hoko,ama,300,alpha,FALSE,wakaba,13,6,7,5,5,1326,b+,31,sshooter_collabo,10,8,2,8,2,1283,b+,46,wakaba,9,3,6,6,3,995,b-,30,wakaba,16,15,1,7,2,1169,b-,35,sshooter_collabo,7,4,3,10,0,848,b-,28,,6,4,2,7,4,1410,b-,36,promodeler_rg,12,10,2,10,3,1115,b+,35,nzap85,11,8,3,5,6,1256,b+,27
2017-09-19T12:00:00+00:00,1.3.0,gachi,standard,hoko,ama,300,bravo,FALSE,splatscope,5,5,0,2,4,755,c+,18,hissen,11,10,1,6,2,923,c+,23,carbon,13,11,2,10,2,860,c-,16,bold,5,5,0,4,3,1092,c-,15,liter4k_scope,3,2,1,5,2,632,c,30,screwslosher,6,4,2,8,5,894,c,18,wakaba,11,10,1,7,4,1391,c+,22,sshooter_collabo,6,6,0,11,0,832,c+,25
2017-09-19T12:00:00+00:00,1.3.0,gachi,standard,hoko,ama,140,bravo,TRUE,splatscope,4,4,0,2,2,483,c+,18,hokusai,0,0,0,4,0,154,c-,22,sshooter,7,3,4,5,1,474,c,23,bold,4,4,0,5,1,506,c+,22,hokusai,0,0,0,3,1,270,c-,30,prime_collabo,11,10,1,1,2,628,c,22,splatroller,3,3,0,2,1,575,c,14,nzap85,5,3,2,5,0,345,c-,37
2017-09-19T12:00:00+00:00,1.3.0,gachi,standard,hoko,kombu,310,bravo,FALSE,splatscope,14,11,3,4,5,1098,c+,18,promodeler_rg,13,10,3,11,2,1150,c+,28,sshooter,9,9,0,10,2,896,c+,30,promodeler_mg,7,6,1,9,5,1176,c-,36,sputtery,12,11,1,8,3,1362,c+,32,bold,8,7,1,13,3,827,c-,16,promodeler_mg,12,7,5,9,3,1105,c+,39,sshooter,11,9,2,6,3,1015,c-,23
2017-09-19T14:00:00+00:00,1.3.0,gachi,standard,area,gangaze,100,bravo,TRUE,splatcharger_collabo,0,0,0,2,1,325,b-,18,sshooter,4,4,0,3,0,409,b+,23,hokusai,1,1,0,3,1,357,b-,16,nzap85,1,1,0,5,0,207,b-,23,hissen,4,0,4,2,1,354,b,20,sshooter,10,8,2,1,1,494,b,24,bold,1,1,0,2,0,322,b,37,splatscope,4,4,0,1,0,361,b+,36
2017-09-19T14:00:00+00:00,1.3.0,gachi,standard,area,manta,301,alpha,FALSE,splatcharger_collabo,1,1,0,4,4,958,b-,18,52gal,5,2,3,7,4,982,b,24,hissen,7,5,2,7,2,1074,b-,22,bold,11,10,1,5,5,1552,b+,37,splatroller,7,5,2,4,5,1163,b+,50,liter4k,10,9,1,3,4,908,b+,40,liter4k_scope,6,3,3,4,4,1073,b+,35,promodeler_rg,9,6,3,7,7,1422,b+,35
2017-09-19T14:00:00+00:00,1.3.0,gachi,standard,area,manta,202,alpha,TRUE,splatcharger_collabo,3,3,0,1,3,750,b-,18,sshooter,1,0,1,3,0,488,b-,26,dualsweeper,8,7,1,3,2,716,b+,26,promodeler_rg,5,4,1,2,5,1009,b+,39,rapid,2,1,1,4,1,532,b-,13,bold,7,5,2,6,2,802,b-,25,screwslosher,3,3,0,2,3,667,b+,40,,0,0,0,2,3,778,b+,42
2017-09-19T14:00:00+00:00,1.3.0,gachi,standard,area,gangaze,84,bravo,TRUE,splatcharger_collabo,0,0,0,3,1,342,b,18,96gal,1,1,0,2,1,0,b+,29,sputtery,1,1,0,3,1,323,b+,26,sshooter_collabo,0,0,0,2,0,371,b+,28,sshooter,3,3,0,1,0,256,b+,27,dualsweeper,6,3,3,0,1,397,b+,26,jetsweeper,1,1,0,0,1,389,b+,29,promodeler_rg,3,3,0,1,2,413,b+,29
2017-09-19T14:00:00+00:00,1.3.0,gachi,standard,area,gangaze,159,alpha,TRUE,splatcharger_collabo,1,0,1,3,2,527,b,18,dualsweeper,6,5,1,3,1,761,b+,25,carbon,3,3,0,2,2,567,b,21,sshooter_collabo,6,6,0,5,0,519,b+,50,52gal,3,2,1,3,2,518,b+,15,wakaba,6,6,0,3,2,584,b+,22,rapid,3,1,2,4,2,583,b+,20,sshooter_collabo,4,3,1,4,1,418,b,31
2017-09-19T14:00:00+00:00,1.3.0,gachi,standard,area,gangaze,204,bravo,TRUE,splatcharger_collabo,1,0,1,2,2,651,b,18,sshooter,8,7,1,8,1,574,b+,26,hissen,7,6,1,6,2,675,b,50,screwslosher,4,3,1,3,2,632,b,43,bucketslosher,11,8,3,4,2,732,b,40,splatroller,3,3,0,7,0,467,b-,26,jetsweeper,9,4,5,2,3,744,b+,34,hissen,5,4,1,3,2,655,b+,34
2017-09-19T14:00:00+00:00,1.3.0,gachi,standard,area,manta,300,alpha,FALSE,splatcharger_collabo,5,5,0,4,3,917,b,18,screwslosher,6,2,4,4,3,902,b+,50,nzap85,16,13,3,6,3,915,b+,50,sshooter,16,13,3,5,4,1208,b,31,maneuver_collabo,5,3,2,11,1,662,b-,21,nzap85,7,3,4,9,3,1005,b+,50,promodeler_rg,7,7,0,7,7,1539,b,40,52gal,6,5,1,6,4,940,b,29
2017-09-19T14:00:00+00:00,1.3.0,gachi,standard,area,gangaze,300,bravo,FALSE,splatcharger_collabo,3,3,0,4,4,968,b,18,promodeler_rg,11,9,2,7,7,1489,b,32,sshooter_collabo,9,7,2,3,3,988,b,33,momiji,8,6,2,8,3,1076,b,30,wakaba,7,2,5,4,4,1083,b-,12,sshooter_collabo,9,6,3,7,3,1101,b+,34,jetsweeper,5,5,0,6,5,1019,b-,24,nova,11,9,2,8,4,893,b+,32
